n11768216,廖祖笙：2020年或为暴政收官年
n11769356,郑纯清：恶党末日临 动辄挨掌嘴
n11769903,关乐：就王志民下台寄语有良港警
n11770359,吐为快：公检法司快收手
n11770373,廖祖笙：千年不遇的乱政
n11770813,伍新：红朝总理令怎总不灵？
n11774213,关乐：小康年 大役现
n11776340,祝君安：一剪梅‧新年新气象
n11778817,港人心声：不想看到宝岛成为第二个香港
n11779632,振玉：炎黄巨难奇耻
n11780866,李清：习近平的唯一出路是解体中共
n11780962,李小刚：脑控原理之DNA共振
n11782397,张林：被中共当成牲口奴役的中国人
n11783273,丹丹：关于香港“明日大屿愿景”
n11783719,陈达：天灭中共还剩几步棋？
n11783874,海网：“空心朽”演“核心秀”
n11785398,项云：老百姓看“打黑除恶”
n11786210,郑纯清：台湾大选观感
n11787398,念贲：没有选票  我们去奋斗去努力
n11787463,理悟：中共不是中国
n11787475,金浴凤：末日党之像
n11788618,吐为快：贺中华民国之民主光大
n11788867,陆客：致习近平的一封信
n11788914,苦胆：一张选票的距离
n11790392,中立：中共与民为敌 期望台湾民主统一大陆
n11791371,【读者投书】中共对穆斯林的迫害成扩大趋势
n11793807,方能达：祝贺《大纪元时报》读者日增
n11794198,文武：国民党的前途与命运
n11794273,祝君安：妖共畜心剖
n11796878,刘博：众志所归——2020台湾大选的启示
n11797512,吐为快：让领导先走
n11797687,金浴凤：春之歌
n11800010,陈达：马屁似拍颠覆声
n11800044,伍新：无花言现花言形——小康年初哭吴花燕
n11802156,关乐：亡党不是梦——由中共要求党章放床头想到的
n11802197,郑纯清：爱国主义最终要党命
n11804120,诸葛高参：行动，灭共于2020
n11804452,金浴凤：赵国的“小康社会”
n11804490, 吐为快：论土共的“贵族气质”
n11804505,关乐： 党领导之一“切”
n11805957,云鹤天：对联两则
n11806623,郑纯清： 她真的死在小康梦里
n11808064,蜀笑笑：论合法
n11808840,谢燕益：新型SARS疫情信息公开申请书
n11812431,祝君安：中共就是邪教
n11812554,梁京：中国爆发“新非典”的警世意义
n11812634,伍新：稳定压倒一切 大疫压得倒吗？
n11813848,【网文】武汉市长必须回答的六个问题
n11813238,十九年前的“伪火”不攻自破的世纪谎言
n11815138,海网：中央维稳专家组专家夸完海口入病房感言
n11816946,关乐：中共的“最高绝密”就是“要命”
n11820280,金浴凤：反躬罪己是解药
n11821946,祝君安：大疫当前，中国人应觉醒
n11824660,吐为快：党与人民异忧乐
n11824682,云鹤天：《忆秦娥▪娄山关》再解
n11826508,徐晓东：中国主观性新闻火遍全网 传播真相极困难
n11826321,李春草：赵国的年滋味
n11826746,关乐： 枪不敌病毒
n11827190,向莉：亲历建三江事件——中国法治路漫漫(一)
n11827632,中共肺炎 疫情到来如何自救？
n11828618,张林：防范冠状病毒的科学方法（之一）
n11829501,慧真：大难“三退”保平安 “九字”吉言是金方
n11829448,金浴凤：妖共的“肺炎共同体”
n11831522,理悟：致武汉同胞
n11829102,向莉：亲历建三江事件——中国法治路漫漫(二)
n11833205,中共肺炎病人家属控诉：政府不把人命当回事
n11833489,郑纯清：中共年关好难熬 熬过更难熬
n11833611,云鹤天：《清平乐▪六盘山》新解
n11833647,千瑞：哀武汉
n11834624,小雪：一留日大陆留学生致同胞书
n11836145,千百度：救救武汉！救救中国！！
n11836748,吐为快：中共是最大病原体
n11836801,胡少江：为当局拘留八“造谣者”点赞的人，你们在忏悔吗？
n11838059,云鹤天：《菩萨蛮▪大柏地》新解
n11838083,理悟：快逃(歌词)
n11838102,李春草：不能让妖共再逍遥
n11838200,伍新：“党员上一线”视频火爆最为党乐见
n11831825,向莉：亲历建三江事件——中国法治路漫漫(三)
n11838771,陈达：隐瞒大疫情如同大暗杀
n11838826,理悟：甩掉头上中共党
n11840325,云鹤天：数据到底准不准
n11840618,吐为快：赵粉的肺腑之哀
n11840675,关乐：红朝大数据
n11840740,海网：党妈的“瘟心怀抱”
n11843320,双元漫画：武汉中共肺炎击碎强国梦
n11845564,理悟：专家苦
n11845576,苦胆：戴口罩的中国
n11846109,关乐：石正丽的性命赌注其实是空头支票
n11846129,伍新：无神论是最大的阴毒谎言
n11850102,张彼得：从武汉疫情看各国反应
n11850211,千百度：方舱医院内幕：没电没药没暖气没吃的
n11852128,《刘伯温碑记》点明避开瘟疫的真言
n11852575,吐为快：中共封网有感
n11853483,慧真：欲上方舟 先弃红船
n11853840,苦胆：眼科医生的职责是让人看清
n11855196,李春草：妖共，人民凭啥相信你？
n11855479,云鹤天：《七律▪长征》新解
n11855849,金浴凤：党的恐怖
n11855861,祝君安：斥武汉的邪恶之徒
n11856229,羊村：狼真的来了（2020中国寓言）
n11856344,中国民主党全国联合总部第四次代表大会在洛杉矶召开
n11856256,武振荣：生死存亡之际的人民呐喊
n11856263,万古缘：真相歌谣（四首）
n11856793,千瑞；中国人，主宰自己！
n11856803,郑纯清：赞方彬
n11858227,金浴凤：踏莎行‧肺炎劫
n11859195,伍新：关于口罩一点思考
n11858249,双元漫画：中共掩盖武汉中共肺炎疫情
n11859244,双元漫画：强制隔离下的悲剧
n11859287,双元漫画：武汉封城 民众痛不欲生
n11859419,陈达：大疫昭告：社会主义集中力量坏大事
n11862572,雷亭：告全世界同胞书
n11862997,苦胆：中南海的“三无人员”
n11864006,云鹤天：长相思‧封
n11864079,万古缘：红祸惊天
n11864027,吐为快：肺疫叹
n11864249,中国人权律师团关于中共病毒疫情的声明
n11864103,金言：破解“蛊毒”与“病毒”
n11865673,陆明：蝶恋花‧三退把命保
n11865710,关乐： 漂红向善克疫病 良知萌芽春笋蓬
n11867182,张志鹏：关于武汉疫情的声明
n11868232,陆言：没有共产党就没有病毒祸
n11868561,徐济：给中共各级知情者的一封劝善信
n11870879,金浴凤：乌托邦之蛊
n11870896,林泉：灾区换官是狼替狼位与羊无关
n11870938,郑纯清：党官鸣冤词
n11870963,归航：警示录
n11870998,林泉：民主联邦灭独裁
n11872011,颜纯钩：战时态令来者不善
n11872653,成都老师开课致辞：不能把冬天唱成春的开始
n11872801,吐为快：春愁
n11873598,云鹤天：《七律▪送瘟神》新解
n11873712,海网：换将谣
n11874822,杜彼得：华人应悬灯照亮跟前 卷幔观天下之时势
n11875621,郑一见：从自焚谎言到武汉封城
n11876063,陈达：灭共天象明
n11876071,陆言：浪淘沙•细思量
n11876084,祝君安：警惕共匪的“治疫”大跃进
n11876287,李春草：春雷
n11877475,方能达：武汉冠状病毒肺炎肆虐 凸显专制之害
n11877497,方能达：中共应付疠疫乏力却坚拒外援
n11877506,中国民主党关于山东警方抓捕任自元先生的严正声明
n11878480,武汉方舱医院一名护士的诗
n11879765,魏京生：中共的隐形战争——乔治‧华盛顿大学的演讲
n11880583,祝君安：登黄鹤楼
n11879977,高峰：两会推迟召开  既为防疫更为防变
n11880601,苦胆：愿你也能得救
n11880619,陆言：假如武汉断网的应急措施
n11880645,郑言：中共还有几天闹
n11880664,金浴凤：绑匪的猫泪
n11881790,新冠状肺炎病毒有多毒？
n11882180,吐为快：中共肺炎为何发生？
n11883968,实话石说：猛回头之二零二零
n11884643,双元漫画：湖北抗疫 多地居民外出被抓
n11884670,双元漫画：网购口罩 买到武汉救援物资
n11884705,双元漫画：“吹哨人”李文亮医生之死
n11884744,双元漫画：医疗物资紧缺 地方政府抢口罩
n11887524,云鹤天：《七律▪人民解放军占领南京》再解
n11887535,邢仁涛：世纪瘟疫大爆发前 我们该如何保命？
n11887585,李大眼：高光时刻的正义
n11887625,陈达：就中共树李弦为榜样致网警
n11887656,李春草：中共是人类的公敌
n11887678,朱同：疫情“逼出”360行状元
n11887732,萧进：从过年的话题，说到丢失了传统文化
n11888225,王易：给习近平的火急公开信
n11889085,祝君安：治疫要正本清源
n11889243,袁斌：另类历史——笑话和段子里的疫情中国
n11890559,理悟：中共当自毙
n11890567,李春草：醉花阴·拐点
n11891126,归元：2013年电视剧《病毒》预言了2020年亚洲瘟疫
n11891376,方能达：武汉疠疫发人深省
n11892310,郑岩：武汉百步亭 样本活动与样本遭遇
n11892107,杜彼得：云落开时冰吐鉴 浪花深处玉沉钩
n11893020,关乐：猜拐点一瞥
n11893115,郑纯清：外地警察驰援武汉展望
n11893372,伍新：人算不算数 一切天定数
n11896947,理悟：惊闻武汉公安干警感染病毒上千人
n11897005,祝君安：论社会主义“优越性”
n11897033,陆言：武汉楼山暗夜传来地狱嚎声
n11897892,林泉：谋瘟疫害人失手葬自身
n11898182,吴惠林：闲话“中国”
n11898344,俞元：饿城武汉“让子弹飞”
n11898435,肖邦：民众觉醒 · 与共决裂兼讨逆书
n11899553,金浴凤：声声慢‧红朝政治生态
n11901154,有特异功能的侄子 所见所做
n11901514,袁斌：疫情后，有人或会陷入长时间心理创伤期
n11904222,言路畅通 国泰民安
n11904441,李春草：最后的挽歌
n11904450,郑纯清：《大国战“疫”》书在堆纸火山
n11904479,苦胆：焚尸炉内的惨叫
n11904498,朱同：停摆一个月 10个行业少了5万亿元
n11904800,北大教授：集中力量办大事意味着所有功能停摆
n11906407,伍新：自吹“最大的赢家”是红魔嘴脸的彻底暴露
n11906564,吐为快：中国梦是谁的梦？
n11908339,李春草：官状病毒的临床表现
n11908393,关乐：有口皆罩这一捂
n11909327,云鹤天：《七律▪长征》再解
n11909320,林泉：铲除世界最后的黑暗势力
n11910613,独行侠：国士无双 与郭泉先生相知小记
n11910627,云鹤天：一七令▪墙
n11910262,明目张胆 中共抢劫法轮功学员私人财物和现金
n11911761,推背图四十六象武汉病毒之心灵解析
n11913079,勉映：吾日三省疫情背后的阴谋
n11913309,千瑞：天的谴告  人的机会
n11913657,金浴凤：南柯子·大国制疫
n11913667,伍新：连连双肺移植葫芦里装何酒？
n11916310,双元漫画：疫情肆虐 城管借机抢劫商户
n11916378,双元漫画：一家四口的“非法”聚集
n11916904,金浴凤：蝗虫，肺疫和中共
n11916447,双元漫画：不戴口罩 便戴胸罩
n11917084,陆言：从社保结余看中共非法剥夺养老金之恶
n11917792,关乐：为何《大国战疫》出也太匆匆隐也太匆匆
n11917881,郑纯清：武汉弃儿得救歌
n11917982,戈壁东：判桂民海抓黎智英，中共武汉封城后全球封口？
n11918994,【网语集萃】：醉生梦死，最后只能被煮熟
n11919187,大陆专家：新冠疫情暴露出中国十大问题
n11919264,费良勇：中共警察打死百姓算作染疫死亡
n11920945,张林：我抱着奶奶的遗体 颠簸几十里
n11922209,祝君安：赵家人
n11922217,常言：以民主的名义启蒙为虎作伥者
n11922688,海网：黑锅甩到山寨外
n11922706,金浴凤：2月31号，中共在干啥？
n11921994,双元漫画：中国疾控中心主任对内对外两套说辞
n11923899,双元漫画：医护缺防护 官员穿防护服摆拍
n11925239,【网海拾贝】世界欠中国一声感谢？无耻之尤！
n11925274,李春草：追责还是感恩？
n11925284,云鹤天：一七令·过眼云烟
n11925355,理悟：中共甩锅难
n11926058,思域奔驰：没有共产党，才有新中国
n11926101,伍新：谩骂王广发获封“先进” 我们有没有疏失
n11926932,【网海拾贝】：政府，请你们收起傲慢
n11927637,千瑞：大法是拯救人类的唯一法门
n11928496,理悟：中共“拐点”到了
n11922636,罗琼：中共的谎言胜似病毒 危害全世界
n11928978,谢燕益：释放政治犯特赦刑事犯致全国人大法律意见书
n11929190,家庭医生：请勿前往诊所要求检测中共病毒
n11931552,【网海拾贝】：到底是谁该接受感恩教育？
n11931792,关乐：浪淘沙·中共肺炎
n11934602,金浴凤：演员：可以喊了吗？
n11934647,振玉：满江红‧中共恶于疫
n11934776,吐为快：春日杂谈
n11935157,伍新：踏莎行‧习近平赴武汉
n11935730,侯成罡：中共开启新一轮的打压行动
n11936086,Xing Foo：中共病毒的阳谋和阴谋
n11938684,【网海拾贝】：未来的武汉，一定要建一堵哭墙
n11939725,【网海拾贝】西方根本不可能复制中国抗疫模式
n11939902,云鹤天：中共肺炎大流行
n11939983,陆言：少见，江西省大寒和立春时节能见到它
n11940579,云鹤天：疫情蔓延对联
n11940838,郑纯清：推倒防火墙大戏的序幕
n11941510,金言：王沪宁导演抗疫电视剧《假的 假的》？
n11942165,【网海拾贝】开辟一个空间，让大家同哭一场吧
n11942899,陈达：诉衷情·谁信
n11943684,无弦：高墙内外的呐喊
n11944043,海网：点绛唇‧留学生回大陆躲瘟疫求救
n11944197,理悟：中共与冠毒共舞
n11944211,关乐：外甩锅反引聚焦
n11944542,苦胆：倒打一耙 反咬一口
n11944942,王赫：中共对美政策的险恶和习的抉择
n11945327,谢燕益：良心艺术家追魂案情况通报
n11945471,【网海拾贝】此时此刻需要的是良心和良知
n11946959,朱婉琪：该拆了台湾人心中的红线
n11946574,【网海拾贝】武汉中心医院是中国社会的缩影
n11949052,【网海拾贝】中国疫情已过去乎？
n11949274,慧真：老子到处说——赞发哨人艾芬
n11949334,易嘉：听良言天赐福
n11950309,宇心：美国应该让赵立坚等造谣诬陷者付出代价
n11950783,刘书庆：中共肺炎“集中隔离费用自理”问题
n11951260,观雨堂主：警惕中共“人肉病毒”
n11953452,林泉：法制成就民主 有规矩才能成方圆
n11953551,良典：诉共大潮与审江联盟
n11953575,吐为快：妖共的最后手段
n11953787,【网海拾贝】嘲笑别国猛夸自己是对逝者的亵渎
n11960396,读者投书：关于中共病毒的终极阴谋论
n11960956,李茂君：李文亮事件调查的尘埃落定与盖棺定论
n11960992,隋意谭：分析“一位高中生”给方方的信（一）
n11961006,云鹤天：小燕子的诉说
n11961013,理悟：也议武汉372名青年学生为何凭空失联
n11962505,伍新：染红沾红招恶疫 反共倍增免疫力
n11962977,金浴凤：蝶恋花‧劝君勿与魔共舞
n11963008,关乐：中共病毒长着眼
n11963931,苦胆：鼠年，中共已成过街老鼠
n11964567,莲园：如梦令.“伟大光荣正确”的“病毒党”
n11964685,金浴凤：妖共又一次“胜利”了！
n11966095,云鹤天：机会稍纵即逝
n11966111,茂丰：使领事馆的同胞们你们好：
n11969417,【网海拾贝】需要的不仅是默哀，更是反思和检点
n11973195,【网海拾贝】这才是真正的强大和自信
n11975802,【网海拾贝】把他们写上历史的耻辱柱
n11976262,理悟：民之血泪染花环
n11976469,苦胆：何日“君”再来
n11976283,雷亭：反腐英雄泪
n11976792,李春草：左倾的瞎马
n11976805,振玉：满江红·中共病毒
n11982864,【网海拾贝】国情要适合真理，而不是真理要适合国情
n11984718,胡可师：致未来的私敌
n11984764,冯正虎：面临灾难的态度 微笑并保持微笑
n11984863,【网海拾贝】共产病毒才是世界最危险的毒
n11984947,金浴凤：中共不灭，病毒不息
n11987185,Y.S.FAN：武汉中科院病毒实验室应为毒源
n11988046,浩然：中共要向瑞典抄作业了吗？
n11988323,吐为快：甩锅曲
n11989162,俞元：《邪不压正》迄今还在下的那局大棋
n11989723,【网海拾贝】全世界都在给人民发钱，中国呢？
n11990938,【网海拾贝】死难者家属领回家的是谁的骨灰？
n11993324,吐为快: 向扑火飞蛾致敬
n11994015,【网海拾贝】为何大部分武汉人都不信官方数据？
n11993193,诸葛高参：找政委们聊聊任志强和逼宫
n11995095,中国最年轻被吊证律师的生活状况报告
n11997270,【网海拾贝】中共为何开始发布无症状感染数据
n11999519,王赫：川习关系生变？
n12002413,祝君安：浣溪沙·团购
n12001518,【瘟疫与中共】纽约为何成为重灾区？
n12002620,【网海拾贝】中共正在被推上历史的审判台
n12002624,双元漫画：北京疫情严重 军队大院管控严格
n12001343,武汉人解读中共肺炎
n12005642,王赫：中共研制生物武器杂谈
n12006125,吐为快：苏幕遮·烈士叹
n12004452,双元漫画：孙春兰视察 武汉居民喊话：假的
n12004471,双元漫画：大陆一线医护控诉当局过河拆桥
n12010425,【网海拾贝】下毒哭丧和作秀的都是你
n12011258,【网海拾贝】因为404的灭口，才会出现404的哀悼
n12011026,站在世界队伍中的台湾
n12011969,唐吉田：这场瘟疫也是人类自我反省的良机
n12004526,双元漫画：邻省捐赠武汉蔬果 被警察瓜分
n12013340,【网海拾贝】站在方方一边，就是站在“人”这边
n12015203,是谁让人民在养家糊口与夺命疫病之间艰难选择？
n12015719,【网海拾贝】中共把武汉解封办成了盛宴
n12015773,祝君安：好事近·世纪大戏
n12015788,金浴凤：哭清明
n12015803,吐为快：妖共形象在哪里闪光？
n12004554,双元漫画：武汉用垃圾车和灵车运食品物资
n12017853,疫情危机——美国重新定性中共政权的契机
n12018736,【网海拾贝】中共政权已在风雨飘摇中
n12004567,双元漫画：武汉要市民感恩总书记激民愤
n12019704,卢廷阁：从打压律师 到打压律所
n12021089,谢田：川普对中南海不该继续委婉
n12022088,李春草：战狼无底线思维
n12022858,【网海拾贝】批评谭德塞就是种族歧视吗？
n12023156,吐为快：方方日记刺痛了谁？
n12027889,章明：撒旦的梦想
n12028651,【网海拾贝】大陆经济危机已经悄然而至
n12029336,颜纯钩：台湾不卑不亢  赢得世界尊重
n12029487,金浴凤：中国，你将走向何方？
n12031848,【网海拾贝】脑残的中共使领馆官员
n12031911,袁斌：被“赶”出重症病房的英国首相
n12032604,理悟： 瘟疫爆发谁之过
n12032806,关乐：调笑令•殃视推出“习近平战‘疫’兵法”感言
n12033689,郑纯清：装神的中共连人都装不成了
n12033842,理悟：中共苦果自吞
n12033869,伍新：解“争夺群众” 对法轮功的迫害实质是对全人类的迫害
n12035321,袁斌：谭德塞玩砸了
n12035636,【网海拾贝】暂停WHO经费，川普做的对
n12035994,老鹰：中国人愿意付出代价
n12037325,林泉：新疆又听核试爆
n12037606,甄言：保两会 中共禁止对京销售病毒检测产品
n12037727,【网海拾贝】美国国会正式启动对世卫的调查
n12039912,千瑞：决战时刻 拯救时分
n12040754,祝君安：夏之吟
n12040774,云鹤天：三退的意义
n12040825,理悟：山河图
n12041118,【网海拾贝】这不是恩惠，这是侮辱
n12041228,王思汉：疫情下的对策及经济转机
n12041241,山月：诗歌 赶“疫”考
n12042390,颜纯钩：谭德塞待罪之身煲无米之粥
n12042501,林泉：新疆又听核试爆
n12042505,李春草：妖共必须为疫祸买单
n12044611,张展：以抗疫的名义
n12044764,陈达：山坡羊·党话假
n12044809,高婧婧：全球化？是时候刹车了
n12044835,金浴凤：剧毒是怎样炼成的？
n12044842,山月：九字真言是良药
n12045013,【投书】开学是为了维稳和钱
n12045563,金浴凤：“武汉市投放5亿消费券”有感
n12045886,【网海拾贝】中共大使带病闯关论击穿人性底线
n12046050,洪微：中共对台湾动武的可能结局
n12047629,吐为快：阮郎归 · 红朝末日
n12047642,伍新：隐形杀手明遭报
n12048622,【网海拾贝】中共和港府试图将民主派一网打尽
n12048938,追查国际：中共是祸害人类的病毒之源
n12050727,颜纯钩：“一国两制”的初心何在？
n12051480,祝君安：政治赋
n12051683,理悟：四·二五之歌
n12051803,【网海拾贝】中共腐蚀了整个世界
n12052774,“4·25”后 江泽民在云南煽动迫害法轮功
n12053870,【网海拾贝】国际社会对中共的追责进入现实操作
n12054084,胡远：令人愤怒的网络封锁
n12056208,时事漫画：掩盖疫情
n12056236,古缘：捣练子•断赤逃生（四首）
n12061559,祝君安：踏莎行·四.二五颂歌
n12062782,林泉：诗三首
n12062827,中共病毒为祸全球  中国民主党发讨共檄文
n12062932,林泉：给流氓画像
n12062974,孙言舞：谈唐吉田、刘巍两位律师吊照十周年
n12063146,汤志敏：天灭中共——写在4.25
n12063842,云鹤天：惯用伎俩
n12066309,【网海拾贝】世界正承担漠视活摘罪行的后果
n12068775,金浴凤：民主不解专制心
n12068788,郑法途：寄语王全璋律师
n12069635,【网海拾贝】中共的脸皮比长城砖还厚
n12069654,廖祖笙：同习近平详述我家的被虐杀
n12072214,【网海拾贝】中共如不隐瞒 全球疫情可减95%
n12075336,【网海拾贝】大灾难后国际社会一定会追责中共
n12077220,【网海拾贝】经济学家敢说实话就被喝茶
n12078454,吴新：比尔•盖茨，请问：您现在注意力在哪儿？
n12078564,云鹤天：新版《共产党宣言》
n12078635,拨云：要中国，不要中共国
n12078963,【网海拾贝】每次跟党走后就会产生一批新冤民
n12080021,廖祖笙向习近平申述节选
n12080314,李春草：不义而富等浮云
n12080477,【网海拾贝】病毒跑去别人家我们就好了吗？
n12081163,祝君安：谁将拯斯民于水火？
n12081363,杨笛：今年最重要的事是活着
n12083311,【网海拾贝】独裁者今天可以封城，明天也可以屠城
n12086109,有感于美国副国家安全顾问博明的中文演讲
n12085712,掸封尘：中南海打诡异笔墨官司并非第一次
n12086361,郑纯清：“防议”口罩分厂纷纷倒闭 总厂还不快吗？
n12086524,钟原：围魏救赵 美军展示太平洋战略主动
n12086639,【网海拾贝】中共的新闻宣传向戈培尔乞灵
n12089155,金浴凤：苏幕遮·赵家的爱国观
n12089516,【网海拾贝】坑人没坑成，反倒坑了自己
n12089848,禾乃：我不爱国，我爱人
n12091056,吐为快：体制之恶
n12091571,【网文】人民愿牺牲到底？ 细思极恐！
n12091860,【网海拾贝】中共的法西斯逻辑：不许有反对者
n12094492,祝君安：渔家傲·粉红怨
n12094474,赵文汕：“正能量”综合症
n12094507,海网：灵丹妙药本简易
n12094978,中共病毒是美国经历的最严重袭击
n12095081,廖祖笙：有一种超限战叫“再谈谈”
n12096401,【网海拾贝】中共对外战略收缩对内表演大锅崛起
n12096790,祝君安：天仙子‧此恨绵绵无绝期
n12097746,【网海拾贝】与共产党政权没有真正的双赢
n12097759,金浴凤：葬共吟
n12100518,投稿：北京癌症患者 因疫情政策而被耽误治疗
n12100661,【网海拾贝】中共故意隐瞒疫情是维稳本能
n12103638,“让江泽民有生之年还我河山”的公开信（1）
n12104161,【网海拾贝】中共病毒爆发的政治启示
n12104795,吐为快：两会前的党国心
n12104810,李春草：战狼
n12104828,关乐：极端天气感言
n12104851,郑纯清：儿子活埋母亲特案的警示
n12104879,伍新：纽约疫患比例数字的警示
n12104927,廖祖笙：请习近平帮助我家离开疫区
n12106225,“让江泽民有生之年还我河山”的公开信（2）
n12107077,吴新：保姆“执死鸡”作业乃抄袭
n12107168,廖祖笙：这“国”，一直以来是疫区！
n12107477,【网海拾贝】中国公共言论领域已是“万马齐喑”
n12110410,吐为快：美国，快推倒这堵墙
n12110710,【网海拾贝】中共窃取美国疫苗研究数据
n12113343,【网海拾贝】中共早就发动了“世界大战”
n12113504,金浴凤：妖共的超限战
n12113771,廖祖笙：党已亡在了政法委
n12115161,理悟：红朝末路二首
n12115297,陈达：从“可防可控”到“不可抗拒”是耍赖更是哀鸣
n12115476,李春草：鹧鸪天·庚子年，民主与专制脱钩
n12115661,蛋壳雕刻：恭贺世界法轮大法日
n12115779,沈舟：中共东风导弹失去目标
n12115907,【网海拾贝】马克思是最成功的教唆犯
n12116767,祝君安：水龙吟·瘟疫中的武汉
n12117034,【网海拾贝】中共不可能成为“全球领导人”
n12117067,廖祖笙：枪杆子输给了刀把子
n12119615,【网海拾贝】灭共应该成为全球的共同目标
n12120182,沈舟：东风-41导弹不足以挑起核战
n12120303,新冠病毒疫情带给世界的启示
n12122811,【网海拾贝】追责中共，川普制定“精准操作机制”
n12123306,理悟：说伪政两会三则
n12123444,天逸：“清零行动”
n12123987,如果我也死了，世界还记得两岁的我吗?
n12125153,【网海拾贝】墙外调查 墙内可以啥都不知道
n12127167,理悟：共产已到终点站
n12128054,袁斌：两会开幕，天垂异象，上天警示人
n12128114,【网海拾贝】够了，这七十年红色暴政尸山血海
n12128155,千百度：网民笑讽中共抗议美称蔡英文总统
n12130160,谢田：美俄为何空间合作封杀中共
n12130961,二大爷：美帝坛的“人类公敌”
n12131025,廖祖笙：荒庙内吹吹打打开“二会”
n12131111,海网：中共二会开幕时北京异象催人惊醒
n12131124,【网海拾贝】中共不可能改变，美国已别无选择
n12132012,山月：雷雨
n12132020,吴新：疫苗谣
n12132054,理悟：病无良方春不回
n12132089,祝君安：致两会
n12132104,掸封尘：跟中共“三朝帝师”王沪宁探讨几个问题（续）
n12132243,【网海拾贝】“港版国安法”就是镇压法
n12133806,云鹤天：凶相毕露
n12133809,龙涛：为香港人民“灭病毒”献计献策
n12133821,苦胆：犯法者立法
n12133833,伍新：说不折腾死折腾
n12134043,【网海拾贝】西方应停止追逐虚幻的中国“金矿”
n12134062,古笔韵：赞“天灭中共”之洪流
n12136307,理悟：感中共强推“港版国安法”
n12136331,郑纯清：“只是针对少数人”还能骗得了谁？
n12136391,【网海拾贝】中共本身就是病毒 只能灭除
n12139268,金浴凤：中共病毒赋
n12139284,项云：中共的流氓无耻与反动是其灭亡加速器
n12139600,【网海拾贝】中共借国安之名，行极权管制之实
n12142285,慧真：说“两会”
n12142481,【网海拾贝】世界级奇观：海外中国留学生回不了国
n12144727,吐为快：国风 · 香港
n12144740,李春草：玉楼春 · 陆民哀
n12144854,【网海拾贝】中共暴力使香港沦为集中营
n12147553,吐为快：烛影摇红·为什么受伤的总是香港？
n12147834,【网海拾贝】文革对中国的伤害至少是两次
n12148167,陈达：当日傍晚京空霹雳回应“港版国安法”通过
n12149230,曾伯炎：王康，重庆的又一座精神堡垒
n12149508,金浴凤：江城子·党疯了，党员怎么办？
n12149516,祝君安：党国的精神分裂症
n12149530,【网海拾贝】魔幻的不是“折叠世界”而是现实
n12149560,伍新：国安乃套牌 中共无国事
n12149580,李春草：申纪兰的示范效应
n12151238,一位八零后纪念六四的诗：日子近了
n12151863,【网海拾贝】你们的民族自豪感到底从何而来？
n12152403,李南央：错别字通行的新时代
n12152486,苦胆：顶层设计，还是顶层设“计”？
n12152518,李斐：哀香港
n12154104,【网海拾贝】美国开启太空经济 中国重启地摊经济
n12156732,李春草：鹊桥仙·六四魂
n12156866,理悟：“六四“伤痕何时复
n12156882,祝君安：致小康梦中人
n12157074,【网海拾贝】美国没有暴政却有共产暴徒
n12157112,苦胆：六四的后浪
n12157461,文旭：习近平莫堵死改革开放的气门香港
n12162106,吐为快：无题
n12162360,星琏：悼念春夏之交三十一周年
n12163491,【网海拾贝】中共全方位参与了这次美国骚乱
n12165325,【网海拾贝】郝海东打响中国体育名人反共第一枪
n12166126,麦子：蔡主任究竟是什么“士”？
n12166720,罢免韩国瑜对台湾民主的意义
n12166832,祝君安：忆江南·妖共急速解体中
n12167017,金浴凤：浣溪沙·有人欢笑有人愁
n12167508,【网海拾贝】在中国，每一年只有364天
n12168959,颜纯钩：亲共是韩国瑜的政治毒药
n12168998,祝君安：赞长春电视插播
n12169204,林泉：有谁体谅民运的艰难
n12169412,【网海拾贝】台湾人民开创历史，用选票罢免韩国瑜
n12171662,李春草：水调歌头·恶中之恶“六一零”
n12172467,【网海拾贝】国安法还没立法，香港已现白色恐怖
n12174371,佟一凡：不可忘记的日子——八九六四
n12174574,【网海拾贝】中共之毒辣远超一般人想像
n12174739,金浴凤：六月韩流陆共寒
n12174760,关乐：从“不许乱说乱动”到“不许乱思乱梦”
n12172816,吉林疫灾区舒兰为何成为“第二个武汉”
n12176028,千载云：驻港部队“开火”，能唬得住谁？
n12176610,李春草：南歌子•莫作魔鬼代理人
n12176662,读者投稿：国之根本
n12176687,【网海拾贝】中共从未放弃共产主义革命
n12179778,艾健：中共让老百姓看到的都是假象
n12179940,山月：数九话灭共
n12180002,金浴凤：一剪梅·够了，这百年的红祸
n12180647,艾汇龙：要发展就必须推翻中共独裁统治
n12180698,【网海拾贝】中共不灭，人民就得被灭
n12182640,颜纯钩：爱一个党，或爱一种理念？
n12182649,千载云：近几年跟着中共走霉运的三位名人
n12182680,云鹤天：熊瞎子掰苞米
n12182693,福磊：决战小康 奋斗有我 vs 炮灰有我
n12182713,胡平：美国警察过度执法并非“系统性的种族歧视”
n12182742,伍新：党文化真是要命的负文化
n12183493,【投书】暴动下的微弱声音
n12184487,【网海拾贝】中美两国的“文革”有着相同的DNA
n12185468,【网海拾贝】小康社会未实现，监控大国已建成
n12186439,倪娅：纪念薪火相传歌曲和双十字星旗帜诞生10周年
n12186502,金剑：错漏百出的唯物主义及其危害（上）
n12187929,陈达 ：“三书”引“三笑”
n12188425,【网海拾贝】中共高层又难以入眠了
n12188778,金剑：错漏百出的唯物主义及其危害（中）
n12190517,【网海拾贝】中共病毒可能在一、两周后大爆发
n12191766,祝君安：北京 需要反省
n12191806,吴新：无产革命家最怕家无产
n12191847,万古缘：疫鬼满红都
n12191909,金剑：错漏百出的唯物主义及其危害（下）
n12190804,念九字真言——武汉肺炎临床疗效的研究报告
n12193964,【网海拾贝】中国学者警告北京病毒可能比武汉强
n12194626,关乐： 三文鱼三三问
n12194752,行子：纽约琐事
n12195238,顾国平：共产邪恶恐怖残暴的结果
n12196689,吐为快：菩萨蛮 · 末日晚钟
n12196834,当今红朝“火眼金睛”“金箍棒”已非正能量
n12197648,【网海拾贝】苍天有眼，病毒跟着共产党跑
n12199226,美国冷战武器盘点：B-2隐形轰炸机
n12199598,【网海拾贝】“蓬杨会”失败，中美摊牌
n12199650,金浴凤：青玉案•红朝的悲哀
n12199902,士子：上帝的归上帝 撒旦的归撒旦
n12201174,千瑞：渔家傲
n12201220,理悟：垃圾桂冠“21世纪马克思主义”
n12202368,美国冷战武器今派用场 B-1B轰炸机
n12202630,吐为快：丑奴儿·爱党的滋味
n12202666,伍新：撕去“现代哲学”的伪装（一）
n12202996,李春草：破阵子·小康梦
n12203675,【网海拾贝】港版国安法何不正名香港维稳法？
n12201610,北京疫情告急背后与武汉相同之处
n12205646,【网海拾贝】中共开始堂而皇之干涉美国内政
n12208163,金浴凤：中共国的妖魔道
n12211190,【网海拾贝】中共“外宣军”在美遭猛烈狙击
n12211310,伍新：撕去“现代哲学”的伪装（二）
n12213076,【网海拾贝】：不要把BLM和反送中混为一谈
n12212960,有感于中国留学生回国难
n12215381,【网海拾贝】中共就是明目张胆喊价的绑匪
n12215653,李春草：渔歌子三章
n12215700,郑纯清：“郑重辟谣”似罩屏
n12215730,吴新：申纪兰住院照感
n12215786,吐为快：中共病毒已污染天空
n12216543,云鹤天：救命良方
n12216556,祝君安：望江南·申纪兰（二章）
n12216875,【网海拾贝】中共在美无所不偷，能偷多少算多少
n12216507,美国冷战武器今派用场：俄亥俄级核潜艇
n12217720,钟原：习近平入“云端” 赵乐际仍隐身
n12218038,云鹤天 ：新编《黔之驴》
n12218049,金浴凤：望神州
n12218278,【网海拾贝】证人现身指证——重庆徐真惨遭活摘死亡
n12218396,子薇：清醒
n12218425,子薇：盼望你，灾难来时能躲避
n12218887,谢燕益：抵抗极左思潮避免悲剧重演致湖南省国安厅公开信
n12220970,【网海拾贝】：全球退党中心发起“终结中共”倡议
n12220695,杨威：放任共产风潮 美国疫情再起
n12221489,【投书】一个大陆人对欧美政商界人士的心里话
n12223360,【网海拾贝】26省洪灾 中共高层为何不去灾区
n12223920,李春草：土共升入云时代
n12226179,时代革命  全球灭共——白宫请愿 全球联署公开信
n12226226,宋征时：三峡若溃坝 湖北各地逃生路线图
n12226818,高婧婧：末世的危机——左翼思潮在美国
n12226956,【网海拾贝】港版国安法敲响中共丧钟
n12228984,金浴凤：蟾宫曲二章
n12227794,【名家专栏】新一代言论审查员
n12229171,【网海拾贝】2020，扣人心弦的历史大片
n12229898,吐为快：卖花声‧港版法西斯（外一篇）
n12231562,【网海拾贝】一个强大的中共将是全世界的祸水
n12231191,美国冷战武器今派用场 攻击型核潜艇
n12231992,颜纯钩：长远要乐观 行事要积极 周旋要聪明
n12232144,沈舟：美中大战最先可能是太空战
n12232209,李晨：善化人心的力量
n12233200,云鹤天：玩火自焚
n12233384,连小偷都怕的人发誓与美国血拼？
n12233462,小饼子：醒醒吧，沉睡中的人们！
n12233527,雷亭：中共邪恶政权终遭世界唾弃
n12233705,【网海拾贝】中共以邪教组织的本来面目在港裸奔
n12233793,白马：从忠字舞到广场舞
n12234757,钟原：美军双航母南海释放强烈信号
n12234791,吴侃：此时为什么能看好中国股市
n12234945,子薇：莫迟钝
n12234976,陈兵：海外民运的坚持
n12234986,金浴凤：卜算子·土共的运作机制（外一篇）
n12235016,李谦谦：邱印林，您本应该教给苟晶真诚
n12235180,云鹤天：人有多大胆，地有多大产！
n12235337,乾坤子：中共的无神论并不是唯物论，而是有鬼论
n12239675,【网海拾贝】中共向全球直播对香港自由的扼杀
n12239775,谢燕益：正道与良知不可战胜——709五周年记！
n12240176,【网海拾贝】西方已被中共逼到背水一战的地步
n12240627,理悟：长江盛怒
n12240943,李春草：国家恐怖在红朝
n12240970,清奇：我为什么喜欢俄国文学却痛恨俄国？
n12242935,【网海拾贝】别让“国安法“变成“球安法”
n12240124,【纪元播报】杨威：放任共产风潮 美国疫情再起
n12246361,F-1留学生被迫离境的“新规”是怎么回事？
n12246291,颜纯钩：风雨中守望黎明
n12246247,【网海拾贝】警惕中共用“隐藏的手”重整世界
n12247576,我儿患武汉肺炎命危 亲属相助神奇康复
n12248498,【网海拾贝】《国安法》是中共向全世界宣战
n12248615,吐为快：中国人，知道自己在干啥？（外一篇）
n12248625,百家姓：论中共政权的合法性危机
n12248750,关乐：正告恫吓香港大法学员的恶警
n12248839,理悟：明珠濯尘
n12248892,【微评三则】谁愿和流氓无赖交朋友
n12249523,一个俄罗斯小会计，为何影响了全球权贵的命运
n12249556,金浴凤：夏日五章
n12250151,宋征时：三峡若溃坝 湖南各地逃生自救路线图
n12251012,【网海拾贝】2020年，中国人的苦难之年
n12251198,小饼子：中美的一些差距
n12251051,美国冷战武器今派用场 神盾巡洋舰
n12251570,金浴凤：长相思·羊狼能建共同体吗？（外一篇）
n12251661,苦胆：一“梦”警醒世人
n12252340,祝君安：红朝散（外一篇）
n12253231,李春草：大疫有眼
n12254739,【网海拾贝】闫丽梦指证的东西能拿到法庭作证
n12256499,【网海拾贝】中共为何不敢列出制裁美国官员的内容？
n12257129,吐为快：香港的“红色革命”（外一篇）
n12257239,颜纯钩：天助助者，天灭逆者
n12257814,伍新：撕去“现代哲学”的伪装（三）
n12260094,【网海拾贝】如果美国忽略了对普世价值的追求
n12262196,袁斌：红朝发言人脸谱热传 三战狼遭网友痛批
n12264850,【网海拾贝】香港的命运取决于北京是否悬崖勒马
n12265555,伍新：撕去“现代哲学”的伪装（四）
n12265261,唯一逃离大陆的长春插播参与者：推倒防火墙
n12265680,评论员李天笑：历史转盘已到新纪元的临界点
n12265708,汪志远：中共解体在即 呼吁全面收集其罪证
n12266273,甲子：“共产党”是谁？
n12266392,千瑞：谋杀世界，谁应该被审判？
n12266434,祝君安：望海潮·走过七·二0
n12266452,陆言：江泽民的故乡大海和王沪宁的蜜甜生活
n12266774,【网海拾贝】不是中国做错了什么 而是中共作恶太多
n12266890,钟原：对中共使领馆人员的劝善信
n12266142,“将共产主义的祸害从星球上清除”
n12267798,美国冷战武器今派用场 神盾驱逐舰
n12268134,金浴凤：人类公敌是中共
n12268533,小饼子：被压榨的生活
n12269476,【网海拾贝】中共末日将临 请抓紧“三退”
n12270614,钟原：七常委为何至今无一人到洪灾现场 ？
n12272307,【网海拾贝】中共对法轮功的污蔑走入穷途末路
n12273317,杨威：美中关于法轮功问题隔空交锋
n12274031,宋征时：三峡若溃坝 江西各地逃生自救路线图
n12274156,【网海拾贝】是时候向中共下最后通牒了
n12274570,郑强：颂《九评》
n12274774,小饼子：中国的现状
n12274794,祝君安：夏蝉吟（外一篇）
n12274833,伍新：撕去“现代哲学”的伪装（五）
n12274876,苦胆：致许章润教授
n12277436,浩然：致中国大使馆工作人员的公开信
n12277533,千载云：吃地沟油的命 操中南海的心
n12277656,【网海拾贝】美要求中共公布失踪法轮功学员下落
n12278949,沈舟：中共驻美领馆护送什么人出境
n12279731,【网海拾贝】美国为何在7月21日关闭休斯顿领馆？
n12282656,【网海拾贝】半世纪以来美国最强硬的反共宣言
n12282809,祝君安：人类社会由正义主导（外一篇）
n12282923,金浴凤：时局咏（二章）
n12282935,杜云：中共最怕的不是美国，而是自己的人民！
n12283593,吴侃：溃坝与炸坝
n12284522,【网海拾贝】美国吹响了“灭共”集结号
n12285597,理悟：贺任志强被中共开除党籍
n12285672,云鹤天：调笑令·川普捉贼
n12288290,【网海拾贝】背负共产十字架 只会走向罪恶和深渊
n12289882,邢天行：这个最黑暗日子里最耀眼的神奇
n12287474,【瘟疫与中共】大连瘟疫来势汹汹 原因何在？
n12290887,吐为快：民族主义是共匪最后的庇护所（外一篇）
n12290945,颜纯钩：渲染临战是假，勒紧肚皮是真
n12291389,申子：被中共整懵了的中国人
n12292544,钟原：内斗加剧 习近平急于展示军权
n12296470,【网海拾贝】中共才是最邪恶最危险的病毒
n12297682,颜纯钩：戴耀廷心太大，港大庙太小
n12298720,【网海拾贝】美国人对中国持负面看法创新高
n12280363,李木通：为《大纪元》加油打气
n12300228,【微评三则】正常社会是什么样子？
n12300243,理悟：六月飞雪
n12300263,吐为快：党性之恶
n12300541,【网海拾贝】中共是这个时代的核心威胁
n12302091,【网海拾贝】美国对华政策为何发生根本性转变？
n12301979,秦晋：我所读解的李登辉（上）
n12302171,秦晋：我所读解的李登辉（下）
n12302681,黄之锋：战友被通缉及换届选举取消后想说的话
n12302678,袁哲：醒醒吧共谍共特们，你就是块口香糖 ！
n12302838,任世豪：推荐《九评》的总统
n12302929,魏京生：美国对中共的政策转变
n12302985,良方：中共官员也该见见法轮功学员
n12303170,祝君安：读《平安经》有感（外一篇）
n12303226,天逸：喜见晴
n12303243,伍新：撕去“现代哲学”的伪装（六）
n12304053,尘客：七绝 霹雳
n12305277,【网海拾贝】抖音被美国封杀 或成华为第二
n12307646,【网海拾贝】英美这是要给中共输血吗？
n12310224,投书：蔡莉如何处理？
n12310465,谢燕益：反对终身制应成为文明世界共识！
n12312813,【网海拾贝】美国净网，与中国进行数字脱钩
n12315588,【网海拾贝】如果全世界都加入美国的净网行动
n12315846,伍新：撕去“现代哲学”的伪装（七）
n12316258,美国冷战武器今派用场 鱼叉反舰导弹
n12315784,陆言：请看清中共的邪恶 坚决与中共决裂
n12316547,吐为快：中共元素之毒
n12316673,【网海拾贝】川普政府的信心和行动方向
n12316912,颜纯钩：制裁777快人心，不制裁689若有所憾
n12318195,【网海拾贝】再过一二十年想制裁中共为时已晚
n12318290,李春草：踏莎行·制裁效应
n12320751,苦胆：“监控到家”及其它
n12320795,祝君安：危急存亡之秋
n12320812,理悟：末日择路
n12321777,千百度：逮捕黎智英，中共再现纳粹的疯狂
n12321844,地球重要事宜：纽约长岛的含水层可以维持
n12322512,【网海拾贝】极限施压，美国还有哪些招数可用
n12323955,袁斌：8月11日《苹果日报》为何加印20万份
n12324021,【网海拾贝】香港历史上具有标志性意义的一天
n12324188,伍新：撕去“现代哲学”的伪装（八）
n12324257,金浴凤：中国人，毋与邪共为伍
n12324599,歌词：山不转水转
n12324635,万李缘：致前众志成员周庭
n12324177,民主中国阵线：建立“全球反共联盟”的倡议
n12326784,【网海拾贝】“苹果一定撑落去！”
n12295996,拂潇：若拜登当选总统 对在美华人会有何影响
n12327366,吐为快：木兰花‧加速道
n12329079,李春草：专制的末日
n12329296,【网海拾贝】红色恐怖主义征服不了香港人的心
n12332089,吐为快：极权的欲望（外二篇）
n12332313,【网海拾贝】美国应该明白现在是灭共最好时机
n12332450,宋征时：三峡若溃坝安徽各地逃生自救路线图
n12333962,理悟：中共祸武穴
n12334186,祝君安：数字货币（外一篇）
n12334224,【网海拾贝】希望美国加快重建世界新秩序的步伐
n12335354,美国冷战武器今派用场 Mk 48重型鱼雷
n12335834,金浴凤：党和人民的刀肉关系（外一篇）
n12336063,【网海拾贝】美国不会容忍中共统治全球的野心
n12336089,李明心：真实的民意
n12336657,梁晓辉：我渴望中国宗教信仰自由的到来
n12338132,吐为快：雄心与无奈（外一篇）
n12338868,【网海拾贝】微信是海外华人的陷阱
n12339928,顾国平：对联合国机构的改革建议
n12341593,【网海拾贝】中共最近出的招数都是下三滥
n12341690,乾龙：从《西游记》“乌鸡国”说开去
n12341881,投书：蔡霞事件必定加速中共的灭亡
n12342382,祝君安：世纪之选边站
n12344263,【网海拾贝】蔡霞对结束中共暴政的意义
n12345190,理悟：古今三恶犬
n12346892,谢燕益：追魂寻衅滋事案辩护词
n12346998,【网海拾贝】中美另一场“新势力”争夺战已经打响
n12349284,【网海拾贝】奥巴马时代是中共渗透美国的黄金八年
n12349898,颜纯钩：一个谎言帝国不可能成为现代国家？
n12349939,佳月：为何纽约总检察长要解散全美步枪协会
n12349989,苦胆：白俄罗斯最新抗议事件的启示
n12350253,金浴凤：新愚公移山（外一篇）
n12350765,美议员推《点名敌人法案》是对中共又一打击
n12350945,如果蓬佩奥应邀去中国，他会看到什么
n12350973,【网海拾贝】今年美国大选就是对中国政策的公投
n12352317,吐为快：数字赋
n12354438,海网：疫苗鬼速品
n12352963,田园：美国左派为何强推大选邮寄式投票？
n12355511,【网海拾贝】美国刀刀见骨 中共急于求和
n12357784,【网海拾贝】北京认怂！私会10国“改过自新”
n12357822,俞元：美“屠龙斩”破中共九大毒招
n12358172,项云：中共权力决定“主义”用来耍弄人民
n12358319,百家姓：“十年”黄金线——一条神秘的纽带
n12358501,苦胆：清零与追查
n12358523,应微微：三年大饥荒很有可能再度上演
n12358535,理悟：山东高密“土匪”下山
n12358563,二大爷：3千美元不如2千人民币？美国实测数据告诉你！
n12360271,【网海拾贝】美国不能被共产党控制
n12361774,华旸：改变 在我们每一个人的手中
n12361867,金浴凤：话“保党”
n12356341,【视频】上海倪天英：中共对我疯狂迫害的真相
n12362706,郑纯清： 《人民日报》纸包火
n12363010,魏京生：民运组织里的特务问题
n12363182,【网海拾贝】共产党是人类的公敌
n12362670,袁晓辉：我为什么支持川普
n12365569,【网海拾贝】让全世界听到中国人讨共的声音
n12366076,祝君安：中共杂谈
n12366907,伍新：党话民解小集
n12368757,金浴凤：一枝花·共产党
n12371159,李春草：南海无战事
n12371825,【网海拾贝】航母打击实力暴露 中共还剩什么底牌
n12374209,【网海拾贝】如何对付中共，捷克为欧盟树榜样
n12376682,【网海拾贝】海外民运人士倡议“改变中国2020”
n12376923,巴特：内蒙古观众谈蒙古语现状
n12377306,颜纯钩：林郑的三权分工为一国两制送终
n12377546,金浴凤：论共匪的“代表”精神
n12378821,吐为快：庚子悲歌
n12379251,【网海拾贝】王毅破了一个纪录
n12379800,萧辰：谁是中国人各种错位背后的推手
n12380286,王丹：我们为什么发起“海外宪政运动”
n12382024,千百度：中国人民“绝不答应”？网友：我答应
n12382598,莲园：更漏子‧天意难违
n12382604,关乐：开口谎狂撒 过手猛掺假
n12382619,苦胆：摘的演进
n12382819,【网海拾贝】习近平的“绝不答应”与中共的气急败坏
n12383338,【网海拾贝】王毅访欧成“流动箭靶”
n12383691,李春草：金字经（三章）
n12385133,吴新：狗肉包子露了馅还当羊肉包子卖 骗谁？
n12385154,金浴凤：灭共钟声到红船（外一篇）
n12385232,【网海拾贝】美台日欧论坛有划时代意义
n12385309,连万里：让孩子上学去吧
n12387957,祝君安：天灭红朝官先知（外二篇）
n12388155,【网海拾贝】中共代表不了中国人民的十大理由
n12390098,华人网友：“欠法轮功一份感谢和道歉”
n12390506,吐为快：中共的政治算法
n12393043,【网海拾贝】武汉人的尸山血海，换了一串狗链
n12393107,乾元：病毒战与疫苗战
n12393677,萧辰：蒙古语教学改革的背后
n12393919,【网海拾贝】驯兽员给自己养的兽喂花生米
n12395240,李春草：妖共之“抗疫精神”析
n12395387,关乐：平型关战斗
n12397052,伍新：瘟神笑愚狂
n12397106,程万里：中共式灾难三部曲
n12397455,【网海拾贝】胡锡进的叫嚣印证了中共威胁世界和平
n12397515,林傲霜：中共金钱软实力对世界的霸凌与祸害
n12398291,【网海拾贝】蓬佩奥呼吁东盟行动起来一起抗共
n12398849,吐为快：水龙吟 · 快退党
n12398855,金浴凤：战争岂能挽溃败
n12398341,仲维光：马克思、共产党及其文化思想的死敌弗格林的思想历程（一）
n12399868,朱同：大陆军方网络攻防演习 疑似针对台湾
n12400173,【网海拾贝】美国这次成功把中共逼到墙角
n12399107,仲维光：马克思、共产党及其文化思想的死敌弗格林的思想历程（二）
n12401708,【网海拾贝】十四亿人民？十四亿人质！
n12401808,金浴凤：解剖“政治僵尸”
n12401824,致世界各国人民和政府的公开信
n12401953,祝君安：风入松‧恶梦醒来是早晨
n12404172,【网海拾贝】针对中共美国四大杀器全开
n12404288,关乐： 皖南事变
n12404540,陈达：重判催众判——任志强案展望
n12406966,吴新：也说“只要权力不要责任”
n12406988,李春草：天灭中共七章
n12407285,陆言：从大学生发短信辱骂外卖员说起
n12407360,宇尘：荒谬的“绝不答应”
n12407397,程万里：美国驻华大使馆微信公众号将何时被封？
n12409228,纽约州参议员候选人：关于公校安全与教育公平的呼吁
n12409495,【网海拾贝】中美断交可能很快就会成为事实
n12410364,伍新：醉坠最遭罪——中欧峰会观感
n12410381,海网：华为葬歌
n12411761,吐为快：共产风（外一篇）
n12411861,谢田：为什么人们有时要胡说八道？
n12413183,金剑：美国九步可灭中共
n12415054,【网海拾贝】中美三个联合公报基础已不复存在
n12415517,金浴凤：采莲女（三首）
n12416250,【网海拾贝】中共攻击和侵蚀国际人权体系
n12416404,海网： 统战＝统占＋统管
n12416550,郑纯清：严禁共产党员入美真的拉闸了
n12416567,金浴凤：人民吟（外一篇）
n12416632,乾坤子：中共与中国人民的关系是蚊子与人的关系
n12416736,陈达：末日悲嚎亦提醒
n12417369,孙国祥：该是联合国体系纳入台湾的时候
n12418050,【网海拾贝】川普支持率首次压过拜登
n12418089,祝君安：中华民国，大陆遗民盼望你
n12418465,李春草：念奴娇·迎中秋（外一篇）
n12418496,伍新：未来属良善 三退赶紧办
n12419248,隋志：九字真言与“三退”成功抗疫的医学研究
n12419414,千瑞：清除人类垃圾 重建世界清明
n12419654,Susanne Sun：制止中共活摘器官
n12421418,【网海拾贝】中共不敢对台湾动武
n12423543,【网海拾贝】中共是世界最大的黑社会集团
n12423672,投书：任志强被重判18年黄文才该判多少年？
n12423958,陈达：寒蝉造寒蝉 死寂孕火山
n12424021,海网：就川普封微信被暂停寄语在美有良微信用户
n12424043,吐为快：两面党（外一篇）
n12424066,梁京：美台建交进行时
n12426067,【网海拾贝】中共须“为自己的行为承担责任”
n12426784,郑纯清：天灭中共日 善众欢笑中
n12426822,易金：浅谈闫博士世纪新冠报告及撮要
n12428652,祝君安：党在加速亡，谁还执迷欢？
n12428893,【网海拾贝】中共必须承担180个国家的损失
n12431624,【网海拾贝】川普的10月震撼会是什么？
n12432071,千瑞：寥落
n12432124,金浴凤：木兰花
n12432128,沉雁：决定一流，就是下流
n12433562,吴新：越胡挣扎死越突
n12433585,吐为快：迷中醒（外一篇）
n12433808,【网海拾贝】美国不会再容忍配合中共的行为
n12435151,【网海拾贝】中共的独裁扩张不可能主宰世界
n12435354,陆客：末世民风（六）
n12435762,尘客：史无前例之罪恶
n12435874,李春草：哀中共
n12435894,Gilbert：“香港人”何去何从？
n12437525,关乐：重庆会谈（又称“重庆谈判”）
n12440760,【网海拾贝】未来五年会是中美的高风险期
n12441773,金浴凤：中秋吟
n12443573,【网海拾贝】中共是中国实现民主的拦路虎
n12444632,尘客：中秋望月有怀
n12445870,祝君安：庚子秋月夜
n12446580,【网海拾贝】美国正构建全球联盟对冲中共威胁
n12449042,【网海拾贝】川普检测呈阳性美国将做何反应
n12449796,沉雁：老胡这次真的被吓倒了
n12450870,颜纯钩：香港人唯有团结才能走到底
n12451455,李正宽：更大规模瘟疫即将来袭？
n12451842,扬箭：三才灭中共 中国人退党迫在眉睫
n12451869,吴侃：川普总统测试呈阳性说明了什么
n12455635,杨建利：我申请入籍美国的故事
n12456994,佳月：川普染疫后的感人场景
n12458825,【网海拾贝】川普的一举一动，全世界都知道
n12459097,宋征时：中共为何害怕蔡霞？
n12459437,千瑞：退出中共须从灵魂深处开始
n12459469,苦胆：反共大潮
n12461025,千百度：网友小粉红是不是中共操作的结果？
n12462975,云鹤天：调笑令▪禁毒
n12463649,【网海拾贝】去年十一有多猖狂今年就有多凄凉
n12466013,【网海拾贝】只有川普当选，美国才可能再次伟大
n12466075,东方：新疆乌鲁木齐，中共统治下的人间地狱
n12467700,【网海拾贝】中共是搅乱美国的那只幕后黑手
n12467792,金浴凤：沼泽地的社会主义（外一篇）
n12467858,苏淳：那些人格分裂的被洗脑的大陆人
n12468730,李正宽：为何这些明星运势走向衰颓？
n12469018,【网海拾贝】美已组建对抗中共威胁的联盟
n12469722,卞世传：呼吁习近平启动对江泽民的俄奸案调查
n12470034,云鹤天：一七令▪依靠谎言生存
n12464936,河北渔户寨乡为何成疫情爆发地？
n12470870,谢燕益：许志永案法律意见书及致公检法三长公开信
n12471312,骆克仁：疫情时代下的娱乐之都
n12471565,【网海拾贝】川普经济惊人增长少数族裔获益大
n12473948,【网海拾贝】大陆疫情其实一直都存在
n12476892,【网海拾贝】中加建交50周年，特鲁多痛批北京
n12477483,唐国华：华为5G技术到底有多强
n12477527,杨叱：大审判前说说中共政治局几个主要大佬的命运
n12479643,【网海拾贝】中国再被列侵犯网络自由最严重国家
n12481564,袁斌：中共炒台谍案 网友吐糟
n12482443,【网海拾贝】蓬佩奥：年底前须关闭所有孔子学院
n12482512,谢燕益：法轮功学员任海飞案之无罪法律意见书
n12482660,海网：中共早就给拜登挖好坑了
n12482666,颜纯钩：拜登电脑门，选情凶多吉少
n12483372,魏京生：微信和言论自由
n12483755,【网海拾贝】如何应对中共是今年美大选关键议题
n12484172,吐为快：十月惊奇
n12484212,觅真：由一公安头头说坚决不再参与迫害法轮功说起
n12484957,【网海拾贝】拜登父子贪腐案进入法律程序
n12484997,浩然：美国为何会先放华为一条生路？
n12485027,清竹：三天，中共病毒的消失，这不是神迹吗？
n12485125,金浴凤：拜登开启灭共密码
n12485133,陈达：有感于“无冕之王”无免狂妄
n12487258,祝君安：竞选与保党（三章）
n12487896,【网海拾贝】中共的拜登总统梦碎了
n12489662,【网海拾贝】拜登经济学会让美国付出代价
n12490950,尘客：成都大学党委书记自杀有感
n12490965,颜纯钩：莫忘初衷，占领一切民主阵地
n12491121,李春草：摸着石头过河
n12492877,【网海拾贝】班农：拜登向中共妥协，是骗子
n12493391,乾坤子：武歌
n12495621,【网海拾贝】无所不用的中共是活生生的魔鬼
n12495696,袁斌：为何大陆年轻一代很多人如此堕落？
n12498162,【网海拾贝】永远不要相信中共，死了也要防它装死
n12498310,唐付民：“中国模式”罪恶逻辑
n12498721,郑纯清：听惯了的贼船艄公号子
n12498731,朱颜：小拜登“跨国败丑闻”说明美国这台“收银机”该升级
n12498772,吴新：一剑似为东风欠
n12498780,梁之：胡锡进的“优势”
n12498829,伍新：美国大选末场辩论疫情问题的启示
n12498837,郑法途：叹“一尊”
n12497980,唤醒沉睡正义 唐浩与您相约《十字路口》
n12500320,【网海拾贝】病毒这笔账，必须算在中共头上
n12500433,袁晓辉：有关川普与拜登的民调和支持者
n12501183,陆言：气候暖化的真相
n12501529,祝君安：中共特色的奴隶社会
n12502536,晨光：疫情下，由天象解读美国大选结果
n12503034,清竹：是“坑爹”还是“害儿”？
n12503866,关乐：谁还愿见毛岸英？
n12504537,【网海拾贝】毛泽东的肿脸与习近平的风车
n12506843,骆克仁：要真打台湾还会一直喊吗？
n12507053,【网海拾贝】纽约时报成了美国版的环球时报
n12507669,玲兰：听不懂的“一带一路”
n12507682,徐芝达：探讨中国大陆“端对端”加密通讯的突破方式
n12507804,金浴凤：真相揭盖之时（三章）
n12507822,陆客：末世民风（七）
n12509816,【网海拾贝】中共密谋颠覆美国
n12509971,李正宽：法国遭二波疫情重袭 背后原因何在？
n12510042,寄言《纽约时报》：认清局势勿做“梁上君子”
n12510403,关乐：裸奔口哨吹坟前
n12510470,吐为快：五中全会之妄（外一首）
n12510623,连万里：想当年‧离乡背井
n12510636,隋志：全世界都是法轮功的后盾
n12510217,陈纬霆：马克思“共产主义”行骗术（上）
n12515122,【网海拾贝】纽约时报是不是被中共收买了？
n12515589,陈清竹：美国大选的背后使你更震惊
n12515820,二大爷：怎么看川粉？
n12515831,乾元：任正非能走出沼泽吗？
n12516879,【网海拾贝】中共是宗教自由的最大威胁
n12517133, 金浴凤：论共匪的循环
n12517257,邢天行：女巫诅咒川普背后的精神大战
n12518581,佳月：“川普2020”是一场世界运动
n12518588,吐为快：无语
n12520988,读者投书：曝光青岛市的黑暗和邪恶
n12521419,【网海拾贝】两个世界，两个景象，两个命运
n12523844,【网海拾贝】美国通过什么来再次伟大？
n12524071,祝君安：黎明前的中共
n12527932,谢田：美国大选僵局 神在考验我们的信心
n12528850,【网海拾贝】美国人民不会接受选举作弊
n12531883,【网海拾贝】一场没有硝烟的选票战争
n12533153,观雨堂主：美国大选舞弊背后的鬼影
n12533161,【网海拾贝】2020大选 既关乎美国 更关乎世界
n12533180,袁斌：左派如何在选票上造假？网友总结七招
n12533446,邢天行：这一字之变诠释了中国当朝乱象玄机
n12535061,【网海拾贝】这是给全世界选择是非善恶的机会
n12535726,祝君安：如果拜登当选
n12535743,Jam：我做了正确选择 把那一票投给川普
n12535700,施卫江：论人类的不平等（一）
n12536001,李扬天：针对纽时攻击大纪元 必须说清楚的几点
n12537615,关乐：中共咋倒静悄悄？
n12537664,诸葛高参：神选了川普 没选拜登
n12538029,【网海拾贝】美国大选成了本世纪最大欺诈丑闻
n12540208,袁斌：“你为什么讨厌共产党”网友回答实录
n12540423,【网海拾贝】守住美国宪政 才有未来
n12540898,郑法途：挺川普
n12540916,云鹤天：清平乐‧美国大选
n12541352,喻智官：川普若不能胜选 世界将付出沉重代价
n12543321,【网海拾贝】潮水退去后就看出究竟谁在裸泳了
n12543564,陈汉中：一场预先设定了结果的总统大选
n12543828,尘客：美国总统大选
n12543937,杨剑：大选舞弊 美国应吸取什么教训
n12545089,投书：为什么说共产党是中华民族的汉奸、骗子、罪人
n12545309,吐为快：墙国梦碎
n12545394,郑纯青：良知醒无畏
n12545424,袁斌：专家建议女性延迟退休 网友吐槽
n12546043,【网海拾贝】对中共短视会让全世界付出大代价
n12547576,黄翔：中共是中共 中国是中国（之一）
n12547914,金慧：我们正处于人类历史大洪水期的前夜
n12548326,【网海拾贝】这个世界正面临着重新塑造
n12549087,高雷：选择
n12549093,阳剑：到这一步，拜登的命运真让人担忧
n12550594,莲园：总统选举 正邪较量
n12550603,宇明：大选三部曲
n12550630,苦胆：大选如镜
n12550640,林泉：让川普再做四年总统
n12550656,吴新：民营企业家孙大午被黑感言
n12550984,心升：醒脑歌
n12551085,金浴凤：为川普加油
n12551111,安吉：为了守住人类道德底线而战
n12551647,东方觉：看美国大选
n12551973,【网海拾贝】川普在领导美国第四次命运之战
n12552446,山月：美国大选
n12552957,苦胆：一念
n12552970,伍新：天已选川普，红魔怎改换？
n12553012,梁鸣：再论中共政府的疫情赔偿责任
n12552947,李劼：美国左媒的最后一个冬天是寒冷的
n12554309,华旸：纽约等深蓝州共和党候选人的策略
n12555041,吐为快：选举拾英
n12555353,【网海拾贝】中共是世界祸乱之源
n12557342,薛木子：川普对抗影子金权 习近平深感危机
n12558004,李友友：关于独裁腐败中国经济发展思考
n12558036,刘忠平：从一例强拆案看中共的荒唐司
n12558174,杰米：念奴娇
n12558189,罗博特：“候任总统”之败登
n12558255,隋志：信神或反神 决定了疫情与选情
n12558380,李春草：左派的竞选荒诞剧
n12559936,【网海拾贝】是该终止腐败了，在美国陷落前
n12560492,吕朴：对于两种落后的认识
n12560581,风儿：一封给小英政府与台湾人民的公开信
n12560774,向真：“川粉”力挺川普的主要因素
n12561967,吐为快：正义必胜看大选
n12562542,【网海拾贝】为了守住人类道德底线而战
n12563356,颜纯钩：习近平面临内外麻烦自我周旋
n12562417,陈纬霆：“社会主义”与“共产主义”的区别
n12564986,袁斌：一个海外同胞感叹：回国就像爬天梯
n12565068,【网海拾贝】不联合抗共，欧美终将沦为殖民地
n12567033,戴东尼：正邪大战
n12567147,金浴凤：美选探幽
n12567162,袁斌：网友热议中共为什么要如此反美
n12567247,【网海拾贝】美国南北战争以来最重大的战役
n12567294,云鹤天：拜登经历
n12568439,【网海拾贝】正邪决战，没有中间地带可站
n12568462,吐为快：快离开共匪的贼船
n12568105,大纪元文章发表后 宾州选票数据库遭篡改
n12568541,陈达：黄洁夫自供中共“活摘”是“发展需要”
n12569055,颜纯钩：独裁者越疯狂，离死期越近
n12570487,海网：您读懂了中共没有？
n12570808,千百度：将健康码推广到国外？习近平遭网友呛声
n12571487,颜纯钩：风萧易水，为黄之锋们壮行色
n12571204,【网海拾贝】中共才是危及全球的病毒
n12573396,【网海拾贝】绝不允许美国被共产主义者偷窃
n12574299,颜智华：美国社会存在一个天使和一个魔鬼
n12576358,伍新：习近平祝贺拜登 “窃选合作”被聚焦
n12576386,金浴凤：论脱贫
n12577432,谢田：美国大选僵局持续 神仍在考验我们
n12578511,袁斌：中共推出“网络良民证”遭网友抨击
n12578552,【网海拾贝】颤抖吧，沼泽地的妖魔鬼怪们！
n12578638,黄翔：另类时空的精神净土
n12580252,感恩节吃火鸡  但请不要叫它“火鸡节”
n12580245,迟到的怀念——纪念法轮功学员石龙
n12580795,郑纯清：柳暗花明在即——揭露窃选听证会观感
n12580805,颜纯钩：林郑施政 一心一意把香港“送中”
n12580839,吴新：脱贫谣
n12582845,陈思敏：中国网民互联网上热议美国大选舞弊
n12583119,祝君安：阮郎归‧颂脱贫
n12583146,关乐：炒作“没有证据”本身就是证据
n12584946,海网：基辛格被开激心歌
n12584981,唐小风：官员自嘲 王某得了一场大病，我就叫他脱贫了
n12585002,千瑞：唱响正义之歌 铲除红魔之害
n12585026,李春草：命运共同体之魔影
n12585390,纪念长春工程学院老师邹向阳博士
n12589424,邢天行：历史上一夜“换头”的神奇男与那个时代
n12589725,【网海拾贝】拜登集团上台，就是美国的终结
n12590619,罗博特：窃选
n12590865,陈达：“命运共同体”实为“‘共’统命运体”
n12593086,伍新： 中共备战号坟边哀声嚎
n12594540,王涵：中国民主党党员温起锋遣返中国后被捕
n12594690,袁斌：大陆学者谈全球化历史进程与川普连任
n12594930,【网海拾贝】川普：我们会让我们的选举再次公正！
n12595868,求真者：与社会公义背道而驰的审判
n12595891,海网：当神圣号角吹响的时候
n12597901,【网海拾贝】信神要坚如磐石，不动如山
n12597929,振玉：天仙子‧赞林伍德大律师
n12597943,金浴凤：读懂中共（外二篇）
n12598436,王维洛：对三峡工程的再审计
n12598955,【网海拾贝】中共搞不定拒绝收买的川普
n12599494,振玉：鹧鸪天‧颠覆
n12599502,吴新：中共对川普“搞不定”因根本“读不懂”
n12599723,王赫：川普的双重身份及其可能选择
n12599751,李明：神选川普平乱
n12600332,袁斌：值得反川人士深思的十个问题
n12600435,【网海拾贝】从没有在任总统增选票而败选的
n12600908,吐为快：中美关系二篇
n12600926,潭星：为正义而战
n12602199,祝君安：为川普讨拜登檄
n12602226,郑纯清：左媒防火墙筑自绝墙
n12603475,大陆学者：厘清真相，还大选双方以公道
n12603546,【网海拾贝】作弊的人怎能进白宫？
n12605370,千百度：网友怒怼央视主播评安徽女孩溺亡事件
n12606091,甄莳：“万四如意”或“万四小心”？
n12606442,关乐：美国制裁中共人大所有副委员长感言
n12606454,理悟：沼泽鱼鳖不自量
n12606473,颜纯钩：中共加速走上自毁之路
n12607054,吴侃：美国大选中的左与右
n12607083,李春草：念奴娇
n12607532,李国涛：迷惘与清醒
n12609586,大陆学者：评论美国大选的9个错误姿势
n12610905,谢田：川普总统，该出手时就出手
n12611461,吐为快：末日中共（两首）
n12611463,伍新：“美国疫情”与“中国（共）特色”
n12611965,袁宇峰：国际人权日70周年 痛斥中共暴政罪行
n12614456,千百度：大陆专家建议放开三胎，遭网友打脸
n12615263,袁斌：美籍华裔女作家谈神会不会放弃美国
n12615975,祝君安：烛影摇红（外一篇）
n12615994,云鹤天：美国大选
n12615838,百家姓：美国的命运代表着人类的命运
n12617255,【网海拾贝】美国最终由美国人民说了算
n12618584,李铭：神会带领美国 走向光明之路
n12619122,李春草：梦断红楼（外一篇）
n12620870,陈达：中共近二百万渗透党员名单公布正逢其时
n12621749,袁斌：川普真的是“神选之子”吗？
n12621885,【网海拾贝】没有真相与正义就没有美国
n12624000,【网海拾贝】主流媒体又掀一波拜登登基泡沫
n12624340,李琳：科学识别定位大选系统欺诈的宏观理由
n12624470,吐为快：咏人大橡皮图章
n12626198,袁斌：有关白马黑驴和三只小猪的寓言
n12626569,【网海拾贝】拜登的85,000,000选票纯属笑话
n12627318,金浴凤：全球选边站之至贵时刻
n12628768,伍新：美国大选告诉世界
n12628793,祝君安：菩萨蛮·老天是在选善民（外一篇）
n12628812,李偲嫣猝死于中共病毒是著名“蓝丝”的最终样板意义
n12629961,【网海拾贝】大纪元等独立媒体的勇气来自哪里
n12631823,云鹤天：赠川普
n12631922,万古缘：笔扫乾坤——赞大纪元文章
n12631927,吐为快：天仙子‧生死存亡之际（外一篇）
n12631946,新州：平叛灭乱  须当机立断
n12631962,洪达：神藉大选舞弊考验人心
n12632710,向真：信神或反神 决定瘟疫与大选
n12633316,袁斌：赵丹演的最精彩的戏是什么？
n12634425,【网海拾贝】现代文明的邪恶之源
n12635315,关乐：红朝末了无完卵
n12635324,祝君安：末日三弄
n12635351,李琳：致美国军人“我的选票哪去了”
n12637042,戈壁东：至暗时刻，媒体的良知是最亮的火炬！
n12637090,乾元：谁是川普的真正对手
n12637541,黄翔： “大道至简”的化境之庄
n12639029,一位武汉疫情亲历者的经历和忠告
n12639306,千百度：大陆留学生为什么那么多小粉红？
n12640944,郑存柱：从丁建强病逝看国内的“舆论”导向
n12642071,袁斌：官媒为“上山下乡”翻案遭网友痛斥
n12642290,【网海拾贝】中共对美国进行政治“斩首”
n12643727,黄翔：共产中国的蚕食与美国的裂变
n12643919,吴新：没辙找辙唯剩死辙
n12645941,【网海拾贝】向共产主义说不，拒绝中共
n12646302,李春草：阮郎归‧垄断（两首）
n12646262,李正宽：天象示警 危难关头避疫良方有启示
n12647003,袁斌：网友评共产党为什么害怕宗教
n12647164,【网海拾贝】有史以来最不平安的平安夜
n12648233,陆客：末世民风（八）
n12651269,千百度：大陆学者谈美国主流媒体不可信
n12653341,隋志：两层筛子 拣选人心
n12653369,金浴凤：辞共迎新赋
n12655588,千百度：环卫工冻死，现实版的“朱门酒肉臭”
n12656861,伍新：但愿张母泪 凝为众明鉴
n12658128,杨茂森：2021新年寄语
n12658061,梁园：幸福的秘诀
n12658408,《全球退党服务中心》新年寄语：迎新元
n12658664,吴新: 二零二一年展望
n12658729,郑纯清：扶贫脱贫谣
n12661335,刘佳鑫：解体中共，势在必行
n12661371,颜纯钩：黎智英还押，香港法治悬于一线
n12661792,中国人权律师团律师2021年新年献辞
n12663305,陈达: 青关会葬歌
n12663334,理悟：诗三首
n12663345,祝君安：水调歌头·嫦娥吟（外一首）
n12663515,【网海拾贝】彭佩奥发了两张喻意深远的图片
n12664766,吴新：醉花阴•共军配备自毁装置
n12664831,安琪：1月6日华盛顿见 竟引来极左派恐吓信
n12664882,袁斌：官方严冬封村民火炕 网友痛斥其没人性
n12664957,【网海拾贝】2021年1月6号DC见！
n12668000,俞元：川普的真正靠山
n12668023,袁斌：大陆学者谈美国大选需要澄清的九大问题
n12668081,千百度：拼多多员工猝死 网友斥劳动法是摆设
n12669593,王赫：两位法国汉学家对中共的十个观点
n12670190,投书：中共对翻墙网民痛下杀手 最重被判十四年
n12670253,李春草：踏莎行 · 末日的世界（两首）
n12670273,澳大利亚齐氏文化基金会2020年第13届公告
n12670442,千百度：网友热议共产党什么时候下台
n12671449,郑存柱：一个并不高明的骗局为何能使墙内亿万人上当
n12672787,袁斌：不管大选结果如何 民众的义举将载入史册
n12673190,谢田：美国首都华盛顿1月6日纪实——国运逆转
n12674639,戈壁东：1月6日国会暴力事件是一个阴谋
n12677172,罗博特：问CNN
n12677515,华玉：谁是戈培尔？
n12678324,【网海拾贝】中美建交42年 美国在变成中国
n12678359,Renhao：纪念Ashli Babbitt女士
n12678388,苦胆：“川”流不息
n12679850,浩然：谁掀了美国宪政民主的桌子？
n12679877,民主又不能当饭吃 ——五毛言论反驳系列之一
n12679904,大陆时评家：川普是重大历史命题的提出者
n12680501,李旭彤：社会精英的社会责任（上）
n12681232,【网海拾贝】如果推特禁川普的言是合理的
n12681226,华玉：左派阶级斗争撕裂美国社会
n12682700,袁斌：一个川普反对者转变为支持者的心路
n12682780,凌稣：1月6日美国国会时间真相一窥
n12680604,李旭彤：社会精英的社会责任（下）
n12683000,【网海拾贝】如果人性变坏 什么好制度都没用
n12684994,袁斌：网友精彩回应小粉红中共二战角色说法
n12685142,颜纯钩：香港人是禀赋异常的中国人
n12687482,网友斥社交媒体封禁川普是践踏言论自由
n12689948,华玉：不要对冲击国会上纲上线
n12692068,高达宏：中共不懂“简写字”和“简体字”的不同
n12692080,颜纯钩：来日大难，千万不要低估中共的邪恶
n12692678,颜纯钩：没有特朗普，台港就不是今日模样
n12692771,【网海拾贝】千万不要低估中共的邪恶
n12694589,【网海拾贝】如果说武汉是悲城 石家庄就是死城
n12695411,陈满华：好友玉圣教授的别墅就要被消失
n12696215,戈壁东：与赵紫阳二子见面后 我被列入黑名单十年
n12696993,【网海拾贝】十年前与今天的美国国会
n12699998,【网海拾贝】屏蔽总统信息不符合新闻规则
n12702430,孙国祥：孔子学院退场后  Taiwan Can HELP
n12703045,【网海拾贝】川普将会对美国产生深远的影响
n12704944,何良懋：病毒来源再被聚焦
n12704982,袁斌：“返乡核酸证明”不清不楚 网民提81问
n12705115,【网海拾贝】中共制裁美官员，十足街痞做派
n12707408,云鹤天：卜算子‧中共病毒又重来
n12707536,颜纯钩：看人要看主流，看整体，看大节
n12707621,【网海拾贝】中共亡美之心不死
n12707407,闻欣：钱学森为何拒绝反对法轮功？
n12707981,李辰：伪火与瘟疫
n12708361,【网海拾贝】释放善意，换不来共产党的善意
n12709244,陈达：更漏子·免疫急救方
n12709262,郑纯清：墨茶穷死被搽墨的警示
n12709686,袁斌：B站最惨UP主 现实版《悲惨世界》
n12709760,千百度：电视人揭央视“自焚案”报导源自政法委
n12712816,【网海拾贝】国会弹劾离任总统川普说明什么
n12713245,颜纯钩：拜登时代——温吞水的对华政策
n12714920,白丁：拜登时代——2020年美国总统大选启示录
n12714950,袁斌：党媒四问通化物资配送 评论区大翻车
n12715009,【网海拾贝】左派哪里掌权，哪里就遭殃
n12717343,袁斌：信访局长狂言“老弱病残孕要往死里打”
n12717392,【网海拾贝】妥协，只会让中共越来越嚣张
n12718943,拜登上台 何良懋：加拿大经济雪上加霜
n12719070,华玉：举报闯入国会的父母 再现文革惨剧
n12720203,中国人权律师团律师关于郭飞雄先生被阻止出境的声明
n12720325,谢卫国：写给我无法尽孝的父亲
n12722393,袁斌：都发钱等于都没发？胡锡进谬论引众怒
n12722448,洪达：九字真言抗瘟疫 不同族裔受益
n12722456,王丹：北京继续挑衅美国新政府
n12724879,【网海拾贝】中共一刀切的防疫措施非常不人道
n12727884,【网海拾贝】侮辱全世界人民的世卫“调查”
n12730028,高婧婧：从拜登政府世俗化倾向看其对中共政策
n12732165,吐为快：天仙子·中共的福与祸
n12732470,魏京生：缅甸军事政变的教训
n12734323,遭中共报复 何良懋：加政府政治智慧不足
n12735197,【网海拾贝】中共对美国有三求
n12735229,【网海拾贝】不要落入与中共谈判的陷阱
n12737248,金浴凤：扬州慢‧武汉疫影
n12737833,袁斌：这不准写 那不准评 自媒体还能写什么？
n12738362,千百度：困难户竟有茅台酒，慰问秀又演砸了
n12738507,历史与现实：突然到来的瘟疫
n12740396,袁斌：一位首批中国留苏生的觉醒心路
n12740430,【网海拾贝】应将中共定性为“跨国犯罪集团”
n12742407,袁斌：Clubhouse爆红，新疆人亲述被迫害惨状
n12742476,【网海拾贝】支持社会主义的美国人骤减
n12744813,释先生：2021大陆国运
n12744865,【网海拾贝】世卫专家看的都是中共想让他们看的
n12746719,何良懋：加拿大汇入全球救助香港人行动
n12746828,晓风：神、马教和白左
n12746838,【网海拾贝】世卫帮中共洗脱疫情起源之责
n12747478,何良懋：封闭措施带来的网课后遗症渐现
n12747581,中国民主党致全体中共党员的新年公开信
n12748910,【网海拾贝】审庭向中共低头 香港法治已死
n12750636,【网海拾贝】中共把谭德塞们的良心给吞了
n12751938,袁斌：武汉新年花市火爆 党媒谎称“报复性消费”
n12752016,晓风：白左与保守主义
n12752025,【网海拾贝】春晚歌舞升平掩不住中共的罪恶
n12753738,【网海拾贝】为何非要把吊唁说成报复性消费？！
n12756200,《转法轮》中提及史前文明案例：三叶虫
n12757585,【网海拾贝】让中共参与全球化会是什么结果？
n12757686,李春草：水仙子‧中国梦
n12758577,《转法轮》中提及的史前文明案例：刻石
n12759741,【网海拾贝】如果21世纪真成了中共国的天下
n12760734,港共修例收窄自由空间 何良懋：港人用脚投票
n12762059,袁斌：为14头牛杀7人 网友叹“这世道”
n12762110,【网海拾贝】只有共产党灭亡，我们才会安全
n12764177,【网海拾贝】独裁国家崛起是人类的灾难
n12764204,祝君安：丑奴儿‧国情论（外一篇）
n12764299,颜纯钩：你要和一个邪恶政权争夺自己的孩子
n12765124,张智斌：中国官媒报导状况频出——意外还是恶搞？
n12765142,苦胆：无法无天，实乃无天则无法
n12765175,【网海拾贝】以民主之力破民主之功
n12765193,刘超祺：香港在疫症下淡静的2021黄历新年
n12765244,晓风：自由与民主
n12766004,观雨堂主：谁能逃离“囚徒困境”
n12766044,金浴凤：浪淘沙
n12767271,理悟：跳车
n12767295,【网海拾贝】中共是好莱坞恐怖电影里的杀人狂
n12768381,吐为快：浣溪沙（外一篇）
n12769325,【网海拾贝】中共对每例新冠死亡都负有责任
n12771710,袁斌：一位哈萨克教师在“再教育营”的恐怖经历
n12771766,【网海拾贝】中共没提供足够的疫情原始数据
n12773278,伊利夏提：自由世界的难题——种族灭绝定性后的责任
n12774001,袁斌：“玛丽莲梦六”因言获罪 网民抨击当局
n12774114,【网海拾贝】中共从来不尊重人的生命
n12777592,加拿大卑诗省审查培训中共警察项目
n12778871,【网海拾贝】共产党是恐怖组织
n12779826,袁斌：中共突禁台湾凤梨 网友批“阳谋”
n12779879,【网海拾贝】靠“庄严宣告”“成功”的中共扶贫
n12780738,从中国大陆传出的七首狱中诗
n12780659,《转法轮》提及的史前文明案例：远古壁画
n12781374,共朝黔首：钟南山在疫情期间最大的贡献——粉饰
n12781393,吐为快：浣溪沙·全国人民热爱刃总
n12781432,袁斌：“玛丽莲梦六”入狱 网友纷纷表达祝福
n12781638,【网海拾贝】“海外追逃”，中共导演的闹剧
n12783868,袁斌：教师拜金言论折射大陆教育现状
n12784266,【网海拾贝】绝不能信任中共及与之谈判
n12786666,【网海拾贝】美国第一符合全球利益
n12786775,颜纯钩：岑子杰的道歉与周庭的眼泪
n12786801,祝君安：菩萨蛮·题两会（外一篇）
n12791212,谢田：中共不是国际体制的竞争者和挑战者
n12791335,袁斌：中共禁台湾凤梨沦为笑料 遭网友打脸
n12791400,【网海拾贝】中共是这个星球上最危险的东西
n12793572,【网海拾贝】远离中共，一切才会更好
n12794675,【网海拾贝】中美应竞争、合作还是对抗？
n12796905,【网海拾贝】中共拿网上追逃恐吓中国民众
n12799306,袁斌：中国人民何时才能平视共产党？
n12799347,【网海拾贝】让人民感到恐惧的人才是恐怖分子
n12801601,金浴凤：宴清都‧哭春
n12803930,【网海拾贝】打败中共病毒首先需打败中共
n12805365,李春草：永遇乐 · 红朝空壳
n12806870,【网海拾贝】美国应将中共定性为敌手进行打击
n12808994,袁斌：中共称“完善香港选举制度”网友嘲讽
n12809100,【网海拾贝】香港唤醒了全世界
n12810258,【网海拾贝】中共全球作孽遭天谴！
n12811075,【网海拾贝】中共大数据下的露天监狱
n12815700,金言：“京黄失色” 段子手眼中的沙尘暴
n12816738,【网海拾贝】中共统治史就是部反人类罪史
n12819191,【网海拾贝】中共是吸13亿百姓血的寄生虫
n12821635,文博：谁制造了对华人的歧视，如若有之？
n12822004,袁斌：女辅警家人委托律师被拒 网民斥世道太黑
n12822105,【网海拾贝】美中战略竞争没有双赢
n12822136,千百度：还有多少没被曝光的“女辅警陪睡案”？
n12823984,李退之：九官员状告女辅警“敲诈”案观感
n12826010,蔡慎坤：中国人究竟吃哪一套
n12826459,【网海拾贝】中共撕下“韬光养晦”的面具
n12826609,陈康：杨洁篪主任  我想对您说
n12826698,关乐：中美会谈闹剧的“实效”
n12829887,【网海拾贝】中共主动迈向朝鲜化的一大步
n12832380,千百度：广州一村民炸村官 网民称“杨佳再世”
n12832411,【网海拾贝】中共已嗅到美国的软弱
n12835122,【网海拾贝】欧中投资协定很可能要泡汤
n12839512,苦胆：这铁锹不是用来活埋自己的
n12840590,乾坤子：从美中风云看人类未来之梦
n12840909,【网海拾贝】英国制裁谁？中共又制裁谁？
n12842496,陈大民：中国人不吃马列主义文化这一套
n12845607,【网海拾贝】中共外交全面“战狼化”
n12845659,千百度：“天灭中共千真万确！”
n12848436,【网海拾贝】如果中共当家长，世界会怎样？
n12849289,从康生欲培养特异功能女孩做特工说起
n12850902,【网海拾贝】世卫和中共国的报告信不得
n12853497,千百度：短暂来沪停留人员需登记？网友热议嘲讽
n12849420,河北一党委副书记刘君临终前的忏悔
n12853615,【网海拾贝】拜登政府将鼓励外交官会晤台官员
n12855864,【网海拾贝】下一个新疆人将会是你们
n12855985,乾元：闫丽梦第三份报告提及的科学界“鳄鱼”
n12856929,对中共在香港落实“党的全面领导”与“全面管治权”的法理批判
n12856952,清竹：是执法 还是赤匪在抢劫？
n12856996,曾慧燕：司马璐走入历史 功载千秋
n12857866,【网海拾贝】打了中共国疫苗之后如何？
n12858385,千百度：网友揭中共治下的新疆“毫无人权”
n12859932,读者投书：中国的新冠疫苗接种就是强制性的
n12638564,羟氯喹（HCQ）是继青霉素之后的第二次医学科学大革命吗？
n12863707,【网海拾贝】武汉到底死了多少人？
n12865651,伍新：贺台湾访客增多和美德州疫情骤降
n12869726,投书：山东村民举报村官涉黑涉恶 投诉无门
n12868962,【网海拾贝】要求抵制北京冬奥会的呼声越来越高
n12872224,【网海拾贝】亲共有风险，疫苗不可靠
n12874006,【网海拾贝】中共是最大的垄断，该罚多少？
n12875589,郑纯清：“黑名贵黄命贵”的来龙去脉
n12876530,袁斌：中共推举报“历史虚无主义”专区意欲何为？
n12876631,【网海拾贝】中共疫苗更像播毒
n12879124,【网海拾贝】中国疫苗出了什么事?
n12880392,戈壁东：中共战狼外交其实是恼羞成怒
n12881460,【网海拾贝】不应对中共存任何幻想
n12884062,【网海拾贝】世界级恶魔：希特勒与马克思
n12885648,谢燕益：郭洪伟监狱死亡案件真相调查简述（一）
n12887580,【网海拾贝】中共再被定为美国的第一威胁
n12887931,曾慧燕：乱世中国儿女情
n12889176,【网海拾贝】美国应采取对等原则应对中共
n12890469,郑黎明：从《红舞鞋》原型到“新冠”后遗症
n12892231,【网海拾贝】中共没有资格写中共党史
n12894705,【网海拾贝】中共最怕的就是中国人民
n12897270,关乐：中共党史绝笔谣
n12893881,吴文渊：激进派用种族审视社会问题 加剧分裂
n12897500,【网海拾贝】中共什么都干得出来
n12902280,吐为快：贺骄郎‧赵家战狼与狗儿
n12902297,戈壁东：中共超限战攻城略地 美国全面应战还来得及吗？
n12902192,谢卫国：忆四‧二五中南海和平上访
n12903482,【网海拾贝】中共和西方，谁末日来临？
n12903785,郑纯清：中共毁灭全人类的活铁证
n12903873,【网海拾贝】与中共合作？西方不被玩死才怪
n12904705,佚名：习近平家族信息泄漏案的荒唐
n12905562,灵根自植‧坦荡荡
n12905934,千百度：网友吐槽五一调休“折腾劳动者”
n12905585,灵根自植‧长戚戚
n12906878,【网海拾贝】全方位抗共已成美国长远国策
n12908274,【网海拾贝】外商进中国相当于羊入狼口
n12910485,慧真：勿被红歌迷 觉醒弃赤魔
n12910493,伊利夏提：在自责与内疚中的挣扎
n12910697,【网海拾贝】极权是人类的恶魔灾星
n12913365,袁斌：出生率降低大陆网民喊爽折射了什么？
n12913466,【网海拾贝】西方联合军演震慑中共
n12915748,袁斌：人口普查数据延迟公布 网友：官方“正在编”
n12915845,【网海拾贝】中国才是真正的“无依之地”
n12917822,【网海拾贝】中国人口普查数据有多难看？
n12918941,吐为快：谁不晓妖共这一套
n12918946,千百度：大陆人口“继续保持增长”，你信吗？
n12920143,【网海拾贝】中国大陆不是市场是陷阱
n12920173,梳理三峡争议（2）——三峡大坝防洪能力几何
n12920911,金浴凤：风流子‧我曾经也想姓赵
n12923326,【网海拾贝】与中共和平竞争注定要失败
n12352634,【网海拾贝】退出中共，才能回到人民的怀抱
n12750619,袁斌：网友吐槽春晚越来越难看
n12925626,【网海拾贝】特斯拉的模本效应太震撼
n12932844,【网海拾贝】中共党史就是部不断树敌史
n12934176,【网海拾贝】经济脱钩是联手抗共成功的关键
n12934233,曾慧燕：32年前那个纪念会 改变多少人命运
n12935589,源清晨：中共人
n12935995,李春草：木兰花·战狼与美谍
n12936547,袁斌：一个大陆女孩被强奸后报警的屈辱经历
n12936626,【网海拾贝】俄国恃强凌弱，中共恶贯满盈
n12938952,网友：中共捞够钱了，为何还不开放党禁？
n12938999,【网海拾贝】巴西总统暗指疫情是中共生化战
n12942029,袁斌：官方掩盖中学生坠亡真相 网友斥“糊弄谁”
n12942090,【网海拾贝】共产党没底线，什么坏事都可能干
n12945717,【网海拾贝】比战狼更凶残的戳瞎外交
n12947098,陈达：人无避雷针
n12945811,慧真：大陆实况奇闻录（一）
n12947233,付宁：基督徒为什么应该声援法轮功？
n12947626,颜纯钩：没有公义的社会有多可怕？
n12948793,【网海拾贝】中国生育率可能降至全球最低
n12952161,【网海拾贝】中共怎会容中国人讨要真相
n12953050,【投书】大陆中共病毒真实死亡人数被中共自己揭露
n12953115,理悟：高智晟，你在哪里
n12954345,【网海拾贝】中共打江山原来就是打人民
n12957502,李国涛：中共‧江山‧人民
n12957622,【网海拾贝】中共统治模式威胁世界
n12959984,【网海拾贝】CCTV的宣传好恐怖！
n12962705,千百度：“小镇做题家”吐槽教育资源不公平
n12962747,吐为快：党、人民及走狗
n12962781,【网海拾贝】什么是共产党？
n12965222,【网海拾贝】不要对中共抱任何幻想
n12967393,北隐：深圳赛格大厦晃动之我见
n12967526,【网海拾贝】新版中共党史为文革翻案
n12966528,杨晖：文化局来查了之二：听证
n12968779,【网海拾贝】《毛泽东选集》真受大学生追捧？
n12970213,宋征时：我找到的六四军人
n12970286,魏京生：中共企图在巴以冲突中渔翁得利
n12970337,千瑞：末时景
n12970354,金浴凤：红楼春·文革招魂曲
n12971100,可可：广东警方威胁牛腾宇母亲的原因
n12971350,林泉：支持台湾艰苦抗疫共度时艰
n12971733,千百度：网友揭中共神化大陆水稻专家袁隆平
n12971787,【网海拾贝】“一带一路”博览会受西方冷遇
n12974125,【网海拾贝】14亿人到底是吃什么吃饱的？
n12976396,方能达：假借追悼袁隆平 中共虚情散臊腥
n12976478,【网海拾贝】中共党史就是土匪发家史
n12979096,【网海拾贝】只因你生在红色中国
n12981826,袁斌：“中国好声音”被叫停 网友：内地娱乐要完了
n12981880,【网海拾贝】中共政权就建立在谎言上
n12984194,林泉：躺平也是一种战斗
n12984276,【网海拾贝】必须查清中共病毒起源的真相
n12985505,林泉：论认命可以而躺平不行
n12985512,千百度：躺平主义和加速主义，哪个对社会冲击更大？
n12985578,【网海拾贝】中共何时对得起纳税人了？
n12987596,【网海拾贝】政法系大劫来临？
n12987749,李勇：FBI安邦定国故事（上）
n12989673,读者投书：非止六四
n12989778,理悟：大陆同胞，看好你的孩子
n12989806,汤姆：梳理三峡争议（3）——三峡大坝会发生溃坝吗？
n12987854,李勇：FBI安邦定国故事（下）
n12990644,千百度：中共放开生三胎 网民：“爱谁生谁生”
n12990730,【网海拾贝】共产党靠得住，母猪会上树
n12993569,陈达：逃大难赶早
n12994088,宋征时：我带考卷来维权
n12993483,【网海拾贝】中共砖家把老百姓当成了动物
n12998487,千百度：一位西双版纳建筑商的感恩
n12998706,【网海拾贝】中共欠全世界一个交代
n13000018,惠虎宇：三十年河东河西 放大历史视野看六四
n13000073,曾慧燕：怀念站在历史正确一边的许家屯
n13000121,戟枫：不远的记忆
n13000181,邵俊：32年前没有喊出的话
n13000215,金言：第三孩未投胎 段子手先出生
n13000277,曾慧燕：“六四绿卡”灵魂拷问
n13000414,理悟：计生变奏曲
n13000914,万古缘：被血漂起的日子
n13000920,颜纯钩：正义可能迟到，但不会永远缺席
n13000995,袁斌：又到六四 网民翻墙到海外网络表达哀思
n13001039,【网海拾贝】国安法下港人悼念“六四”的意义
n13001719,金浴凤：“六·四”的伤痕（两篇）
n13002713,【网海拾贝】中共屠杀了成千上万64抗议者
n13007051,【网海拾贝】反共是最大的政治正确
n13009626,古风：中共企图通过假美钞搞乱美国金融市场
n13009802,【网海拾贝】有一个地方的记忆 你怎么也抹不掉
n13012599,【网海拾贝】中共如何影响各国的报导
n13016128,【网海拾贝】内卷与躺平：中国的时代图腾
n13015218,千百度：是谁把海归博士姜文华逼成了杀人犯
n13017394,慧真：“三胎”民谣
n13017577,东方觉：奇事奇闻 雷人雷语
n13017785,【网海拾贝】中共抵制病毒起源调查令人生疑
n13018877,清竹：被邪灵附体后 该如何摆脱？
n13018923,祝君安：长相思‧躺平乐（外一篇）
n13018934,张彼特：给儿子的忠告
n13020674,李国涛：希望美国参众两院有正义之举
n13020728,【网海拾贝】病毒可怕，共产党更可怕！
n13022339,界立建：痛心疾首 勿忘六四
n13023101,【网海拾贝】中共最有可能是集体坏死
n13025387,关乐：韩战前后（上）
n13025475,袁斌：广东核电站泄漏，切尔诺贝利2.0？
n13025567,李春草：雨中花慢‧三朝国师（外一首）
n13025582,【网海拾贝】色厉内荏的中共百岁党庆
n13028138,【网海拾贝】中共已成世界秩序最大威胁
n13030033,吐为快：菩萨蛮
n13031717,【网海拾贝】民主国家结盟对抗中共的新时代
n13032944,唐付民：法制国家的标准
n13033784,李清：全球大疫需反省 远离中共保平安
n13034058,金浴凤：为叛党者喝彩
n13034084,吴新：中南海遭海难重
n13034093,郑纯清：科学靠不住 免疫在漂红
n13034113,关乐：韩战前后（下）
n13034374,罗慰年：韭菜与镰刀
n13035878,东方觉：奇闻奇事 雷人雷语
n13035986,魏京生：中美俄新三角关系
n13036627,【网海拾贝】共产党就是活生生的邪灵
n13041071,罗慰年：猪崇拜症
n13041140,颜纯钩：甘冒矢石竟粉身，于无声处听惊雷
n13041330,袁斌：50万美国人受奴役？网友打脸赵立坚
n13041377,【网海拾贝】七一的北京连只鸟都飞不进
n13043908,千百度：推翻爱因斯坦相对论？大陆教授被讽“丢人”
n13044397,李勇：谁是终结共产主义的最后一个人
n13044667,【网海拾贝】谁靠近中共谁倒楣
n13045595,祝君安：百年僵尸罄绝
n13046499,基督徒公义联盟：清算中共百年反人类罪行
n13046542,罗慰年：百年较量的拐点
n13046703,千百度：《苹果日报》不在了，但“苹果精神”长存
n13046795,【网海拾贝】向所有苹果人致敬
n13048941,【网海拾贝】港人雨中痛别《苹果日报》
n13048997,魏京生：从中共高官叛逃说起
n13050261,千百度：警察升港府二号 网友：枪杆子政权来了
n13050366,【网海拾贝】中共家法从未变也不会变
n13051601,理悟：毒誓难救命
n13051604,云鹤天：百年之后——中共外交部发言人答记者问
n13052020,陈思敏：中共党庆烟花秀遮不住天有异相
n13052425,【网海拾贝】新冠病毒溯源新发现直戳北京神经
n13054016,千瑞：千古一孽
n13054028,吐为快：玉楼春 · 人不治天治
n13055194,千百度：大陆网友吐槽核酸检测：窝了“一肚子火”
n13055258,李勇：香港报业大亨黎智英的传奇人生故事
n13056011,【网海拾贝】中共祸国殃世界，必须铲除！
n13056611,【名家专栏】悲惨真相：活摘器官在中国
n13057692,千百度：国民收入人均超1万美元？网民：搞笑！
n13057744,【投书】湖南殷亮夫揭露共产党对自己一家人的迫害
n13057781,【网海拾贝】习近平为“党庆”拉普京壮胆
n13060020,【网海拾贝】中共百年斗遍了全中国人
n13064878,千百度：“外来势力”碰得头破血流？网友讥讽
n13064939,【网海拾贝】中共将快乐建立在中国人民的痛苦上
n13066089,关乐：一根拴驴橛 百年罪债锅
n13066106,理悟：百年“七一”追悼会
n13066385,袁斌：中共百年党庆 网友批“虚假场景”
n13066979,千百度：梁健辉为何刺杀港警？网友披露内情
n13066434,【网海拾贝】“七一讲话”预示中共执政路向
n13067425,【投书】中共百年党庆个屁——习近平将亡于黄文才之手？
n13067843,【投书】贱党伪业——写在中共建党100年
n13068483,【网海拾贝】中共百年大庆令人想到纳粹
n13069407,海阔天空——香港⼈·不羁放纵爱⾃由
n13069984,李春草：瑞鹧鸪 · 以“复兴”的名义
n13070932,【投书】一个民营企业家的维权故事
n13071082,【网海拾贝】除了暴力谎言，中共还剩什么？
n13073226,林泉：CCP及其百年后
n13073410,【网海拾贝】如果习仲勋现在还活着
n13075428,【网海拾贝】中共之中国与韭菜何干？
n13075734,颜纯钩：有暴政才有暴民，人民有权讨一个说法
n13075894,伍新：“滴滴”咋着没有啥 眼下唯有保命大
n13075917,东方觉：荒唐国度荒唐事 雷人社会雷人语
n13077162,祝君安：太清引 · 斧头帮大会（外一首）
n13077179,颜纯钩：死结难解，前路难行，来日大难，危如累卵
n13078088,千百度：缴费年限提高，网友：怕活不到领养老金那天
n13078156,【网海拾贝】欧洲议会将通过动议抵制北京冬奥会
n13080410,【投书】卡尔：希望国际社会关注中国职校学生人权情况
n13080968,【网海拾贝】国际社会对台态度改变出乎中共预料
n13080377,千百度：患者开颅中唱红歌？网友：恶心
n13081197,九天剑：习总不自信 源头看猪
n13081552,理悟：党民死结无解
n13081560,金浴凤：浣溪沙·盼退休（外一篇）
n13081538,千百度：炫耀塔利班称中共是朋友  胡锡进被网友打脸
n13082552,【网海拾贝】中国经济将进入深度衰退
n13084579,郑纯清：中共根早断
n13085475,千百度：网友吐槽大陆经济 “日子普遍难过”
n13085641,戈壁东：中共是这个世界最邪恶的政权
n13085715,蔡桂华：中共百年罪恶史的警告
n13085788,【网海拾贝】全球主要国家对中共的印象有多差？
n13087892,【网海拾贝】新华社代表中共给塔利班支招
n13089767,【网海拾贝】无视中共是自由社会最大危险
n13090506,千百度：广西禁家人未接种疫苗学生入学惹众怒
n13091424,李心：从周易看“躺平”二字蕴含的玄机
n13093068,【网海拾贝】美中脱钩 谁的损失更大？
n13095250,千百度：美军机再次降落台湾 中共打嘴炮遭网友讥讽
n13095308,【网海拾贝】谭德塞：中国应交出原始数据
n13096340,廖祖笙：国殇——廖梦君惨烈遇害十五周年祭
n13096489,陆客：别学中共捡破烂
n13096607,千百度：中共解决香港“住房难”？网友打脸夏宝龙
n13096777,【网海拾贝】中共疫苗这回可把印尼坑惨了
n13097813,陆客：别骂祖宗骂自己吧
n13099456,祝君安：中共邪教的运作模式
n13099588,【网海拾贝】 渐行渐近的文革2.0
n13099934,光明：解析中共
n13098467,浩然：在中共大使馆前的演讲
n13101163,【网海拾贝】中共做成的每件大事都从欺骗开始
n13100071,7.20反迫害22年 纪念中国女画家艾欣
n13103798,千百度：拿德国洪灾说事 胡锡进被网友批无耻
n13103872,云鹤天：雄安新区
n13103889,吐为快：拆江山
n13104069,【网海拾贝】五十年代“公私合营”再现中国
n13106141,数据派：中国人需要“境外敌对势力”来维护尊严
n13106600,【网海拾贝】灾害凸显中共对民众的极端冷漠
n13108255,祝君安：中国，谁在助纣为虐？
n13109683,李悔之：我的遗书
n13109560,【网海拾贝】大灾当前，中共领导人在干嘛？
n13111587,袁斌：郑州京广路隧道惨案到底死了多少人？
n13111727,千百度：知情者揭郑州地铁乘客被困洪水内幕
n13110899,修真善忍 音乐人摆脱10年毒瘾 却面临判刑
n13111902,【网海拾贝】郑州大水冲破中国之治神话
n13113386,郑州洪灾三位幸运者京广北路隧道逃生记
n13113637,【网海拾贝】10年前的今天与10年后的今天
n13115325,金浴凤：岁月静好赋
n13115587,千百度：郑州隧道惨案就死了4个人，你信吗？
n13116011,共罪【网海拾贝】“等播了欧洲洪水马上就轮到郑州了”
n13117295,理悟：破船.枯树吟
n13118132,大陆教授：媒体造假报喜是否应追究杀人罪？
n13118169,千百度：郑州淹水事件会怎么落幕？
n13118280,【网海拾贝】新闻联播：只见党魁笑，不见百姓哭
n13120823,学者：郑州7·20水灾是天灾加系统性人祸
n13121088,千百度：他们挡不住洪水，却挡得住祭奠的鲜花
n13121438,【网海拾贝】中共是5000年一遇的灾星
n13123098,吐为快：玉楼春 · 郑州洪水，检验人性
n13125442,理悟：长江为何水倒流
n13126226,袁斌：2亿人“灵活就业”？网友批中共玩文字游戏
n13126542,【网海拾贝】南京疫情证明中国疫苗真的不行！
n13126501,崔彰根：中共驻韩大使邢海明为何不受欢迎
n13128871,袁斌：大V质疑“雨衣爸爸”炒作 被网友斥没人性
n13128920,因疫情处处受歧视和驱逐的南京人
n13128964,慧真：那一刻……
n13129103,海网 ：末日中共更恐惧
n13129125,祝君安：捣练子·妖共人祸三步曲（外一篇）
n13129142,【网海拾贝】美国会两党领袖要求彻查中共病毒
n13129795,岳山：秦刚赴美 外交系猪队友集体看他笑话？
n13130317,千百度：河南水灾到底死了多少人？
n13130528,【网海拾贝】无处不在郑州神秘黑衣人是谁？
n13131988,金言：大陆最新流行段子——涝疫结合
n13132116,金浴凤：中共是灾难之源
n13132139,陈达：“民企”民空“企” 共产不止灭私产
n13132164,李春草：蝶恋花
n13132657,【网海拾贝】无处不在郑州神秘黑衣人是谁？
n13132436,千百度：活着的不给讲真话，死去的不允许祭奠
n13134903,千百度：南京禄口机场官僚主义防疫亲历记
n13137666,【网海拾贝】河南官员们会有什么下场？
n13140293,千百度：批网游是新毒品，中共铁拳要砸向游戏业？
n13141809,金浴凤：不要问党为什么
n13140755,【网海拾贝】被饲养肥的，往往是祭祀品！
n13143217,【网海拾贝】中共是僵尸之最，笑话的巅峰
n13144883,袁斌：官媒称今年离婚登记人数降五成遭群嘲
n13145214,余英时：警惕文革一套借民族主义还魂
n13144903,关山：美国令中概股自曝VIE结构 中共为何突然改口风？
n13145171,【网海拾贝】习近平对拜登幻想破灭？
n13147558,袁斌：许多国家讨厌中国是因为中国强大了？
n13147092,【网海拾贝】如果这是正道，谁告诉我邪恶是什么
n13148274,邢鉴：德国应停止遣返刘冰 重新启动调查
n13148828,余英时：挽救记忆的伟大工程
n13149216,理悟：清零痴梦破
n13149232,林泉：党总是在人民的灾难中双赢
n13149792,【网海拾贝】郑州4000辆泡水车的主人去哪了？
n13150749,理悟：党妈送儿入鬼乡
n13151895,【网海拾贝】不需知道病毒准确源头就可以追责
n13154466,【网海拾贝】全红婵摘金救母是中国的耻辱
n13157120,千百度：人民日报造假又玩砸了 网友讽“丢人”
n13157558,全红婵夺冠和《范进中举》的同与不同
n13157270,【网海拾贝】中共国恐成为与世隔绝的“孤岛”
n13157072,袁斌：对于月仙离世的反思
n13159819,【网海拾贝】敲锣女还会有，但方方不一定会出现了
n13161954,林泉：不要与CCP扯闲上当
n13161920,【网海拾贝】世卫喊话北京：交出所有新冠病例数据
n13162635,【网海拾贝】“1460天，我的眼泪早已流尽”
n13163400,金浴凤：渔歌子·党政联合收割机
n13163403,吐为快：狼羊联颁《吃肉法》
n13163255,袁斌：《人民日报》说病毒来自意大利，你信吗？
n13165599,马琪凯：女权主义是性别问题的答案吗？女权主义底层的问题所在
n13165652,醒脑汤：鹊桥仙·数字货币（外一首）
n13165504,【网海拾贝】从郑州到南京 卫健委主任竟都是外行
n13167785,【网海拾贝】张文宏和钟南山再次验证了什么？
n13170201,袁斌：胡锡进点评阿富汗变局 网友痛批
n13170405,【网海拾贝】去年李医生，今年张医生
n13172072,醒脑汤：青玉案·小康社会（外一首）
n13172875,【网海拾贝】中共对病毒溯源为何死不认账？
n13175624,千百度：大陆多地变相强制接种疫苗 民众强烈反感
n13175838,【网海拾贝】塔利班和港大学生，谁才是“恐怖分子”？
n13177699,吐为快：钗头凤·老韭与新韭
n13177820,千百度：你爱祖国、爱党，可祖国和党爱你吗？
n13178052,陈健民：吹尽狂沙始到金
n13178661,【网海拾贝】很多人都在举报自己朋友圈里的人
n13179137,袁斌：三次分配？网友：“劫富不济贫”
n13179249,伍新：中共已经没明天
n13179191,千百度：“90后”结婚率只有10%多 “元芳，你怎么看”
n13180239,【网海拾贝】华春莹为何特别幸福，感受不到压迫？
n13180203,遭YouTube断广告收入 李大宇：我为何还要做新闻
n13180304,梁海斌：一个从囚徒到海员的故事
n13180924,祝君安：中共病毒之思想探源
n13181691,【网海拾贝】李克强视察小区，每家每户三个警察
n13182701,谢燕益：就许娜案致北京市政法委书记
n13183050,陈达：中共“代表阿富汗人民”解
n13183266,请世界各国首脑重温列宁的“绳套”
n13183741,袁斌：“8月5日打的疫苗，8月9日人就走了”
n13183902,千百度：疫情防控中，扬州人绝望麻木的生活
n13183968,【网海拾贝】阿富汗将变成谁的坟场？
n13180171,专访李沐阳：以诚相待 将心比心
n13186301,新州：大疫何日止？中共灭亡时
n13187070,对话：郑州水灾是“神在为我们显现末世”
n13188208,【网海拾贝】“随便说话”的张文宏很难再见到了
n13188756,袁斌：共青团官博捧塔嘲美 网友：反美反魔怔了
n13188867,【网海拾贝】大额存款取不取出 今后领导说了算
n13190320,李春草：所谓幸福，在党一方
n13190907,醒脑汤：中共，你活的真累
n13190931,颜纯钩﻿：浩气贯天，足铭青史——读黄浩铭的“法庭陈情书”
n13191479,【网海拾贝】躲得过中共病毒，躲不过中共疫苗
n13193979,【网海拾贝】习近平为何拿“之江新军”开刀？
n13194873,理悟：该给郑州洪灾死难同胞一个说法
n13195355,理悟：黄鹤哀哀旋不归
n13195778,看“孔融让梨”想起小时经历的大饥荒年代
n13194888,【网海拾贝】“电话哥”死磕当局 “双码联查”叫停
n13197155,金浴凤：红色基因赋
n13197255,【网海拾贝】疫苗无人担责 一切后果都由个人承担
n13198263,王友群：致北京市东城区法院院长赵军的一封信
n13199399,中共选举制度有张维为说的那么好吗？
n13199329,袁斌：“蔡莉去哪了？” 答案来了
n13202291,【网海拾贝】“有钱的缺良心，有良心的缺钱”
n13204917,国学大师季羡林关于文革的四个“天问”
n13204854,【网海拾贝】西方对中共的误判与中共对西方的误判
n13207637,【网海拾贝】美国最大规模演习发出的讯号
n13209892,祝君安：文革来了，卸磨还会远吗？
n13209894,李春草：卜算子·韭菜花
n13209876,【网海拾贝】习近平可能被宫廷政变推翻吗？
n13210926,田雨木：从最新科学测试看辩证唯物主义之谬
n13211297,【网海拾贝】中国富豪疯狂捐款的背后
n13213872,【网海拾贝】李光满就是《芙蓉镇》里的王秋赦
n13212849,东方觉：荒唐国度荒唐事 雷人社会雷人语
n13216283,【网海拾贝】黑天鹅降临天安门，对中共是祸是福？
n13218844,【网海拾贝】刘强东在重演他太爷爷的故事
n13221320,【网海拾贝】“大国崛起”后继无人了
n13224062,【网海拾贝】人民日报捧李光满 为何又抽他一记耳光
n13225966,【网海拾贝】把公鸡杀光天就不会亮了？
n13225723,东川子：中国人，你为什么不反抗
n13227737,大成漫画：没娘月不圆
n13227648,【网海拾贝】六四屠城该不该追究？
n13228720,唐付民：浅谈“什么是政治？”
n13229501,理悟：清除撒旦华夏归
n13229519,【网海拾贝】“一微两制”意在阻断信息交流
n13232287,【网海拾贝】外资外迁潮迭起，李光满们该满意了吧？
n13235593,【网海拾贝】只有最红色的血才是免死牌
n13238212,【网海拾贝】美台关系无限抵近中共底线
n13236143,林雪：我们生活在一个什么样的世界？
n13241022,东方觉：荒唐国度荒唐事 雷人社会雷人语
n13241090,【网海拾贝】瑞士不惧中共的威胁
n13243236,【网海拾贝】前所未有强硬，日本给北京划红线
n13246214,无言：盛世的代价
n13245718,中秋赏月共婵娟 咏月诗词同欣赏
n13247358,【网海拾贝】美日印澳四方紧掐北京七寸
n13248670,理悟：中秋望月思故乡
n13249667,中国版“不能呼吸” 网民：“华大妈怎么看？”
n13249727,【网海拾贝】原想甩锅国外 没想甩到自己头上了
n13252244,【网海拾贝】互联网自由度中国连续七年垫底
n13254862,“国家的自愿接种疫苗就是说漂亮话而已”
n13254918,【网海拾贝】美空军部长演讲30分钟27次提中共
n13257369,【网海拾贝】港府以危害国安为名已拘捕153港人
n13259590,“大家还看好中共或者中国的未来吗？”
n13259800,【网海拾贝】天安门前的黑天鹅原来叫“恒大”
n13260990,【网海拾贝】孟晚舟获释代表美国会放过华为吗？
n13262525,理悟：又临十一国殇日（二首）
n13262613,李明：疫苗不能控制疫情 自救是出路
n13263071,【网海拾贝】孟晚舟回国第一时间向习近平表忠
n13263133,扬箭：李子柒在乡村跌了一跤，把网红摔得头破血流
n13265851,【网海拾贝】中共开启了危险的“国际绑票” 时代
n13268541,评两岸停电玩双标 胡锡进遭网友打脸
n13268717,【网海拾贝】媒体有责任揭中共活摘器官的真相
n13271104,陆言：从一个普通新疆家庭的经历，窥知极权政权之邪恶
n13271234,【网海拾贝】孟晚舟徒有英雄虚名 康明凯尽显爱国真谛
n13271186,袁斌：关于孟晚舟回国任正非没接机的对话
n13272713,理悟：感叹福州市公安局长潘东升猝死
n13272870,郑纯清：而今最危险的是中共
n13273892,讽刺东北限电 推友编《卖火柴的东北人》
n13273979,发文限制堕胎 中共被斥把国人当猪对待
n13274121,【网海拾贝】中国就是被一帮流氓屌丝绑架的火车
n13275888,限电造成生活停摆，发生在东北的四个故事
n13276007,云松：七律 国殇日有感
n13276014,祝君安：背锅与灭亡
n13276065,吴新：大停电是大散架的起点
n13276091,唐付民：“共同富裕”是中共对中国人民的第三次欺骗和愚弄
n13276137,郑纯清：而今最危险的是中共——应“台湾很危险”之说
n13276158,白丁：孟晚舟获释，几家欢喜几家愁？
n13276325,【网海拾贝】孙力军私藏了什么“涉密材料”？
n13277203,理悟：“十一”感怀（五首）
n13277707,赵家人为什么要把孩子送到美国？
n13277732,【网海拾贝】中共国应该叫“中华共产权贵国”
n13279355,【网海拾贝】共产党的圈套
n13279129,农民工的黄金周是对社会主义优越性的讽刺
n13282577,“自干五”和“小粉红”的觉醒心路（1）
n13282662,【网海拾贝】中共每天都在上演绞肉连续剧
n13284707,理悟：清算进行中——说政法恶虎纷纷落马
n13284718,海奥华：写给还没“三退”的同胞们
n13285024,【网海拾贝】国人的日常生活和治安被一帮罪犯管着
n13284959,《长津湖》：抗日神剧2021高清版
n13287648,党校教授：大数据帮不上计划经济什么忙
n13287736,【网海拾贝】傅政华睡不着觉的根本原因
n13290422,前大陆警察曝光中共迫害维族人酷刑细节
n13290496,【网海拾贝】习近平政权安全的威胁主要来自内部？
n13292404,大陆教授：“爱国不需要理由”非常可疑
n13292455,【网海拾贝】制度才是最大的国情
n13293902,【网海拾贝】为质疑“抗美援朝”的罗昌平点赞
n13296643,韩亦言：一语胜千言
n13294164,当局会允许中肯评价电影《长津湖》吗？不可能！
n13296468,【网海拾贝】美中关系不由中共说了算
n13298572,袁斌：“抗美援朝是毛泽东一个人拍板的决策”
n13298695,南岛：共产党拆了中国的“承重墙”
n13298607,【网海拾贝】“台湾正处在民主防线的最前缘”
n13301579,“全面小康”下的农村老人生活一瞥
n13303673,孙岩：CCP对香港的迫害将导致CCP的灭亡
n13303481,政府懒政酿惨剧 福建现当代版上梁山
n13303518,【网海拾贝】财新要有麻烦了 蚂蚁听到了风声？
n13305617,王维洛：罗昌平、长津湖和三峡大坝工程
n13305542,东方觉：荒唐国度荒唐事 雷人社会雷人语
n13306255,【网海拾贝】走在王朝末路上的中共
n13308439,中共国的民主是“本世纪最大笑话”
n13308500,海奥华：中共“勤劳致富”的谎言
n13308449,【网海拾贝】中共把美国变成了腐败支部
n13308510,政治漫画：最具中共特色的“超限战”
n13309649,【网海拾贝】中共末日来临之际的死循环
n13311772,莆田命案试图带节奏，胡锡进被骂“还是人吗”
n13311974,【网海拾贝】中国就像一个即将引爆的火药桶
n13314868,【网海拾贝】与中共政权谈判是不切实际的
n13316913,【网海拾贝】当穷人的灯都灭了，富人的黑夜也就降临了
n13319517,袁斌：植物人需亲自到场证明是植物人的荒唐剧
n13319583,【网海拾贝】习近平力推第三个历史决议意图何在
n13324119,【网海拾贝】共产党历来有内外两套语言
n13324212,观雨堂主：我从来就没有自己的国家
n13324235,曾铮：我经历的现实版“鱿鱼游戏”
n13326539,疫苗受害者：“我只想回到我原来的生活”
n13326552,【网海拾贝】每一次明星嫖娼都很及时
n13327425,千百度：大陆时评作者揭党媒如何歪曲抹黑外国
n13327729,云松：双十节有感
n13329584,疫苗受害者：“我可怜的女儿不能这样悲惨地离世”
n13330109,【网海拾贝】到处爆炸 “中国是最安全的国家”？
n13332622,【网海拾贝】中共入联合国50年，祸害人类50年
n13335277,瑞丽防疫政策粗暴 市民控诉民不聊生
n13335375,【网海拾贝】中共暴政制造了一个又一个张献忠
n13335534,中共是怎么为自己涂脂抹粉的（3）
n13339001,【网海拾贝】帮帮我们瑞丽人吧！救救我们吧！
n13340568,中共是怎么为自己涂脂抹粉的（4）
n13343668,李春草：阿 Q 自白
n13344669,【网海拾贝】美国一舞台湾牌，中共就像疯牛一样
n13347261,大陆家长质疑儿童打新冠疫苗决策不透明
n13347377,【网海拾贝】“抗疫战争的伟大胜利”毁了多少人的生活
n13349925,发表情包也被拘，网友：警察“想抓谁就抓谁”
n13350213,费良勇：浴火凤凰法轮功
n13350078,【网海拾贝】你们的愚蠢行径是要被写进历史的
n13352744,东方觉：荒唐国度荒唐事 雷人社会雷人语
n13352787,张高丽性侵彭帅 网民吐糟
n13352875,【网海拾贝】信中共的彭帅与不信中共的李娜
n13355728,【网海拾贝】是谁给了彭帅曝光张高丽的胆子？
n13357310,“自干五”和“小粉红”的觉醒心路（2）
n13357508,吐为快：赵国民主赋
n13357431,【网海拾贝】张高丽性侵，痛批李云迪的媒体去哪了
n13358829,【网海拾贝】时空伴随者，全民参演科幻剧？
n13358759,“自干五”和“小粉红”的觉醒心路（3）
n13361526,唐付民：抗御新冠应人工免疫和自然免疫有机配合
n13361539,“自干五”和“小粉红”的觉醒心路（4）
n13361697,【网海拾贝】新一出中共权斗戏码，揪出江泽民白手套
n13364305,“自干五”和“小粉红”的觉醒心路（5）
n13364344,【网海拾贝】中共召开六中全会 北京阴风黑雾弥漫
n13366816,理悟：党把代表当什么
n13366842,豪车女遭查喊“叫yuwei过来” 网民：酒驾反腐
n13366895,【网海拾贝】利用病毒控制人民的中共比病毒还毒
n13369454,千百度：胡锡进评美议员访台 网友：吹牛不脸红
n13369862,【网海拾贝】中共六中全会是对邓小平的否定
n13371400,【网海拾贝】冥界之花惊现 中共的末日将至？
n13373604,【网海拾贝】六中全会给中共领导人重排座次
n13374864,朴厚：惊闻活摘
n13375031,祝君安：读六中公报
n13375100,【网海拾贝】韭菜们以后想关灯吃面都吃不起咯
n13375076,“我被菲律宾了，我的行程卡变黄了”
n13376009,中共罪行录之五十八：高度组织化的抢劫
n13376535,【网海拾贝】9名网友实名给六中全会提建议竟遭审讯
n13376012,谢田：科技巨头的元宇宙或是异次元的陷阱
n13379080,喊yuwei的孙某被判，网民提三大疑问
n13379205,【网海拾贝】“拜习会”重在疗伤，有无突破要看东奥
n13381269,【网海拾贝】中共是有史以来最大的汉奸团伙
n13381222,中共新规严打“翻墙” 网友讥讽
n13383506,黄明志新歌打动墙内墙外人 听众热评
n13384652,关乐：延安整风（上）
n13386234,央视公布彭帅“亲笔信”，你信吗？没人信！
n13386281,【网海拾贝】央视代彭帅写信，中共弱智弱爆了
n13387246,关乐：延安整风 （中）
n13387859,彭帅事件发酵 网友热议
n13388072,【网海拾贝】掩盖张高丽性侵 中共偷鸡不成蚀把米
n13388432,关乐：延安整风 （下）
n13388644,陈达：“收复”台湾实冒名
n13388446,【网海拾贝】美应将打开党国互联网作为要务
n13390863,【网海拾贝】北京办冬奥避不过人权问题
n13393022,【网海拾贝】国际奥委会与彭帅的通话可信吗？
n13395182,【网海拾贝】国际奥委会被斥配合中共玩宣传
n13397543,出生率创新低怪疫情？网民：睁说瞎话罢了
n13397607,【网海拾贝】大难即将临头，柳传志们的恐惧
n13399807,【网海拾贝】《纽约邮报》列抵制北京冬奥六条理由
n13401101,中共处罚远东 网友：“变相为民进党助选”
n13401831,【网海拾贝】台湾参加民主峰会是划时代历史事件
n13403590,郑纯清：“共产主义大食堂”写照
n13403593,【三退大潮】红二代：中共是魔鬼 赶紧三退
n13403727,【网海拾贝】对中共绥靖和默许是“死胡同”
n13405419,维权律师：北京许娜等11位法轮功学员无罪
n13405587,【网海拾贝】彭帅“安全”，张展病危，高智晟们呢？
n13406949,唐付民：微信账号被永久限制在朋友圈说明了什么？
n13407613,中共封杀《时代革命》获金马奖 网友：掩耳盗铃
n13407661,【网海拾贝】毫无人性的中共有何资格举办奥运？
n13408298,谢燕益：致国家卫健委——健康码信息公开申请书
n13409954,【网海拾贝】十年后会看，2021年是标志性的一年
n13415530,对中共说不 WTA被网友赞为“不畏强权的榜样”
n13415784,使用急救设备需先下载APP 网友：反人性
n13415796,【网海拾贝】不顾经济损失 WTA与中共死磕到底
n13412227,【网海拾贝】横在中国经济前面的5头灰犀牛
n13417526,理悟：说红朝抗疫
n13417622,陆客：马克思脚下的坑
n13417740,慧真：自打自嘴巴 犹喊“伟光正”
n13417659,国外二手旧书被禁售 网友：又一轮文化审查
n13417909,陆客：共产党和流氓之间只多了一个马克思
n13417801,唐付民：疫苗能成为抗御新冠病毒的唯一方法吗？
n13419495,今年最佳笑话：“中国是当之无愧的民主国家”
n13419619,【网海拾贝】全球民主峰会在即 北京绞尽脑汁对阵
n13421580,关于“上海红楼特大性奴案”的六大疑问
n13421686,【网海拾贝】国际社会将重估与中共打交道的方式
n13423754,理悟：真要共产了
n13423999,【网海拾贝】北京冬奥会提前失去了光彩
n13426682,【网海拾贝】北京奥运遭抵制，万邦来朝梦碎
n13429214,网友讥讽上海红楼案：“这就是中国好五倍的人权？”
n13429249,千百度：从“小粉红”到一名法轮功修炼者
n13429343,【网海拾贝】冬奥会将变全运会，哦耶！
n13431146,【网海拾贝】入世二十年，中共履行承诺了吗？
n13432204,伍新：坟坑沿裸秀悲凉
n13432163,东方觉：荒唐国度荒唐事 雷人社会雷人语
n13432337,【网海拾贝】中共自称最民主，全世界都笑了
n13434295,【网海拾贝】台湾与中共：时与势在谁一边？
n13437175,谢燕益：没有私心就不会有恐惧——梁小军律师吊照听证代理词
n13438697,【网海拾贝】中共重新定义民主 欲抢夺民主话语权
n13438732,“2021年失业的人真的很多吗？”
n13440939,清华教授：“对安保无节制投入，究竟在防谁？”
n13440982,【网海拾贝】中国经济灾难与2022的全球变数
n13443352,【网海拾贝】2021，中国民营经济最冷的一年
n13445178,【网海拾贝】在美上市中国公司3年内将玩完？
n13445762,海网：中共已完全丧失了存在的“资格”
n13446333,官方称“就业形势总体稳定”，评论区大翻车
n13446392,【网海拾贝】中国人权2021年全面倒退
n13446416,中共暂停微软搜索引擎，网友斥“不干人事儿”
n13448316,【网海拾贝】震旦学生是“告密者”还是“吹哨人”？
n13449142,张又普：我所知道的中共在美国招聘间谍案例
n13450482,【网海拾贝】彭帅否认性侵，你信吗？
n13450529,西安每48小时测1次核酸，网友：“有病吗？”
n13455879,【网海拾贝】寒流滚滚 更严酷网络扫荡来了
n13457732,【网海拾贝】京沪再次打擂台，中共内斗升温
n13459294,袁斌：李田田事件，到底谁在说谎？
n13458673,中共是最恐怖的反人类组织
n13459302,【网海拾贝】李田田事件是中共无法无天的标志
n13460399, 伍新：“铁毛左”换“护身符”
n13460411,陈达：中共“散伙演弃”之闹剧黑幕开启
n13460362,【网海拾贝】惨无人道，中共活摘器官全流程
n13462157,【网海拾贝】2021，中国遭遇“十面埋伏”的一年
n13460929,中国人权律师团律师：关于郭飞雄先生、唐吉田律师失踪的声明
n13463057,王丹母亲病逝  没等到儿归  王丹：血海深仇算在中共头上
n13465561,官员有一百种方法对付上访者儿子？网民：大实话
n13465887,【网海拾贝】李田田回家了，但李田田事件仍没完
n13468637,“西安买菜难”上热搜 网民：菜都在新闻里
n13468924,【网海拾贝】2022年，中美都有大戏可看
n13470344,吴新：“豆腐渣”能团结成“钢铁”吗？
n13470369,伍新：西安过年谣
n13472584,【网海拾贝】崛起见顶的中共会更加咄咄逼人
n13474003,【网海拾贝】2022年中国经济：走“回”头路到“灭”顶？
n13475379,中国民主党2022新年致辞：结束暴政 建立现代政治文明新中国
n13477094,云鹤天：作孽
n13478285,一位西安女生发烧求医的魔幻经历
n13478397,【网海拾贝】2022：点燃内心火焰，照亮艰巨行
n13478427,西安小伙外出买馒头被群殴，网友：土匪
n13481060,【网海拾贝】山雨欲来风满楼 2022缠斗更白热化
n13482907,【网海拾贝】中国过去一年里有多少人死于封城？
n13484178,刘子冀：那些肮脏龌龊的二三事
n13486007,【网海拾贝】“可防可控”的原来一直是“人民”
n13487969,谢田：中国经济趋势认识误区——推特上的讨论
n13488004,西安心绞痛患者被拒诊后离世激怒网民
n13488526,伍新：清零行霸凌
n13488623,理悟：写给大陆劫难中的同胞们
n13488756,陈达：西安撤雁塔区头的背后原由
n13488057,【网海拾贝】看懂西安悲剧，只须读懂西安人的三句话
n13490369,孕妇流产事件 西安高新医院背锅
n13490419,【网海拾贝】中共：兴于夏奥2008，将败于冬奥2022
n13492159,西安十大魔幻事件，防疫乱象打脸清零
n13492323,【网海拾贝】站在悬崖上的习近平
n13494227,网友：中共防疫已经进入歇斯底里的状态
n13494656,【网海拾贝】北京冬奥箭在弦上，病毒难料
n13496821,袁斌：时代的灰照样会落在小粉红头上
n13496983,【网海拾贝】西安封城事件不亚于新疆的集中营
n13497067,网文：2022中国十大预测展望
n13498854,郑纯清：科学非大道 亦非无捷径
n13499393,【网海拾贝】中共意图建一个“海外省”
n13499197,新华网嘲讽美国抗疫失败反被网友群嘲
n13499499,网传小米内置反诈中心APP，网民：隐私上交国家
n13501682,【网海拾贝】中共令多少家庭迫分离无法相见？
n13503956,无名氏：论保党
n13504177,颜纯钩：屋漏偏逢连夜雨，冬奥抗疫两相冲
n13504215,【网海拾贝】保不保钟南山？北京当局的难题
n13506446,佛山警方跨市删帖 网友热议
n13506504,无名氏：共匪的毁人机制
n13506567,【网海拾贝】北京冬奥，大泡泡能否隔离奥米克戎？
n13508178,【网海拾贝】“全面清零”实际上是“账面清零”
n13510231,异见作家黎学文被表哥请“喝茶”的经历
n13510748,【网海拾贝】习近平亲信集体缺席 政法委公开分裂？
n13510779,清荷：方舟
n13511448,关乐：红楼还能摇几天？
n13512340,【网海拾贝】没有一个酷吏能逃脱因果报应的铁律
n13515335,【网海拾贝】西安的烟火气真的回来了吗？
n13503702,何良懋：“泡泡”里的北京冬奥
n13515413,网民冷嘲热讽，反腐片《零容忍》评论大翻车
n13516182,Terry Leung：致各位在英港人
n13517808,【网海拾贝】北京冬奥会参赛者将受到中共软件监控
n13517857,净增人口创新低 网友：计划生育“全面胜利”
n13520601,关乐：自作自受——现世现报典型案例掠影
n13520639,【网海拾贝】怕科技发展被美遏制，中共存三大担忧
n13522192,郑州瞒报水灾死亡人数139名 网友群情激愤
n13522332,【网海拾贝】“我中共就是邪恶了，你又能把我怎么样？！”
n13523677,理悟：台上台下看群丑
n13523791,郑纯清：把真理视若工具是共产党魔鬼本性的流露
n13523876,【网海拾贝】死亡循环：保经济误清零，保清零误经济
n13522372,为什么中国人那么拼，却过的如此辛苦？
n13523907,郑州水灾死亡人数仅瞒报139人 网友热议
n13525841,【网海拾贝】央视贪官认罪为何神情放松、笑眯眯？
n13525987,颜纯钩：伤天害理奢言天堂，灭绝人性才是革命
n13525687,封城后，为找一张病床，打了1000个求助电话
n13528201,【网海拾贝】北京冬奥：21世纪希特勒式奥运会
n13530314,伍新：真吃人的纸老虎
n13530282,【网海拾贝】中国坚持清零陷入难以摆脱的死胡同
n13534222,东方觉：荒唐国度荒唐事 雷人社会雷人语
n13534505,电影院里看民主
n13534745,【网海拾贝】“不惜一切代价”中的那个代价
n13538850,佳能“恶意补偿”？网友：请这样的恶意再多些
n13541256,王维洛：郑州水灾真相难以掩盖
n13543797,棣子小：警惕共产国际远东支部对台湾的非武力阴谋
n13546065,中国民主党全国联合总部新年致辞
n13546506,【网海拾贝】甘肃群众演员宰客 李克强吃哑巴亏
n13544551,【网海拾贝】彭帅处境不明，张高丽平安无事
n13547580,吕千荣：拷问新年的思念
n13548612,【网海拾贝】中共“团拜会”，孟建柱暴瘦眼神诡异
n13548833,吴吕南吁居英港人：登记做选民 参选做议员
n13553762,林泉：第一贩卖人口大国的奥运圣会
n13554949,【网海拾贝】美中科技脱钩，中国的代价更大
n13555073,千百度：在今天的中国，还有多少疯了的杨某侠
n13556764,大陆作家对徐州性奴案提七点质疑
n13556788,【网海拾贝】参加北京冬奥给世界带来巨大风险
n13558148,林泉：第一贩卖人口大国的奥运圣会
n13558171,理悟：壬寅新春赠言
n13558232,徐州丰县拐卖妇女普遍 基层政府被指是保护伞
n13560392,面对徐州性奴案，一位作家与母亲的痛和愤怒
n13560444,【网海拾贝】放过中南海，岂不是避重就轻？
n13560481,网友致徐州丰县中共县委书记的公开信
n13562715,蔡慎坤：国足终于可以歇一歇了
n13562799,【网海拾贝】冬奥开幕仅一天 吐槽大会开始了
n13564695,黄后乐：可青，你在哪里？
n13565923,大陆律师：徐州性奴案官方最新通告不能成立
n13565969,【网海拾贝】彭帅接受法媒采访：一次精心安排的访谈
n13566297,“你们纯粹是在侮辱中国网民的智商！”
n13570429,从强制流产到强制不流产，网友斥政策魔幻
n13570425,司法护理专家：活摘器官造成广泛的受害群
n13570595,【网海拾贝】没有人站在岸上，没有人高枕无忧
n13572734,杜耀明：宣传喉舌回力镖 伤人终于伤自己
n13573458,【网海拾贝】八孩母、彭帅、谷爱凌都套着“锁链”
n13573222,冯睎干：彭定康仗义执言
n13575016,魏士：一朝发祥地沈阳的传统文化底蕴
n13575417,【网海拾贝】中共是沦陷区所有罪恶的元凶
n13578309,法学教授：八孩女事件 官方是如何自毁形象的
n13578379,【网海拾贝】面对“八孩女”的铁链，祖国你在哪？
n13580940,杨某侠结婚照曝光 网民质疑不是“8孩女”
n13581050,【网海拾贝】铁链不解开，金牌有何用？
n13581127,北大学子发公开信，吁中共彻查徐州铁链女事件
n13583849,经济学家：“八孩妈”事件是人性恶，更是制度恶
n13583918,【网海拾贝】在民众眼里 中共政府已完全没有信用
n13586770,谢田：北约理应回应普京 重新定位针对中共
n13586839,黄翔：致被“铁链锁颈”的中国女性
n13587009,【网海拾贝】台湾跃居世界前列，海峡两岸东升西降
n13588929,伍新：在那“最具幸福感”的地方
n13589391,【网海拾贝】“铁链女”被拐后的前十年在哪里？
n13589764,海外华人致信习近平 呼吁让“铁链女”回家
n13590559,理悟：孽海无涯回头岸
n13591446,【网海拾贝】铁链女事件发酵，一只黑天鹅天际飞来
n13593305,陈叔涵：中国人心头上的铁链
n13593140,郑存柱：《转法轮》与传播学
n13593419,金刚行：一条铁链
n13593432,陈达：江苏调查组——亡党加速器
n13593464,吕千荣：我们都是“铁链女”
n13593730,【网海拾贝】丰县铁链女悲剧，谁是罪魁祸首？
n13593842,胡平：伟大的母亲有伟大的胸怀
n13595982,【网海拾贝】级别再高的中共调查组也是剧组
n13596303,还有多少不为人知的“铁链女”？
n13598912,【网海拾贝】中共明知铁链女是谁，就是不予确认
n13598975,江苏作家呼吁：“铁链女”调查组成员应该实名制
n13601559,【网海拾贝】铁链女最新通告是对第四版通告的润色
n13601661,清荷：破晓
n13601690,吐为快：临江仙·哭李莹
n13601709,李国涛：第二故乡法拉盛掠影
n13604685,致铁链女：生命得不易 有一良方能把你解救
n13605425,云昭：走进窄门的梁小军
n13604783,【网海拾贝】中共的真相就是无真相
n13606845,在江苏调查组的通报里读到两个字：“吃人”！
n13606832,【网海拾贝】这个大人物到底是谁？
n13607010,李春草：论中共的“三化一缺”
n13607020,真真：浅释“共产党”
n13607391,云昭：谢燕益的道
n13608462,晓晴：那个女子
n13608529,自醒：中国掀起了网络文革2.0版
n13608403,【网海拾贝】铁链女冲击下 “岁月静好”已地动山摇
n13610798,东方乐：老铁 万有一神你咋整？
n13611148,东方霞：避疫
n13611171,吴新：李莹是怎样被拐骗的
n13610621,【网海拾贝】中共为何在乌克兰撤侨问题上出尔反尔？
n13613447,网友：“江苏省调查组，请解释 ！”
n13613477,【网海拾贝】吴京没来拯救大家，战狼也不见踪影
n13616043,如果铁链女是小花梅，官方为何不让亲人来认亲？
n13616093,【网海拾贝】中共不能暴露铁链女真实身份的原因
n13619568,【网海拾贝】在乌克兰的炮声中，铁链女的哭声反而更清晰了
n13619641,中共撤侨不力，留学生泪喊“怎么相信国家？”
n13619943,郑仁禾：宣传掩盖下的真相
n13621510,铁链女事件带给一个大陆女博士的不安和愤怒
n13621552,【网海拾贝】董集村的严防死守证明了一件事
n13622554,俄乌战争启示录（之一)：世界性保守主义回潮
n13623889,【网海拾贝】俄乌战争的真正启示：武统台湾没门！
n13624452,俄乌战争启示录（之二）：中共将成世界民主公敌
n13624890,李明：疫情中怎样成为不会被感染的人
n13625514,【网海拾贝】割韭菜与时俱进 中共大使馆撤侨趁火打劫
n13626011,理悟：一粒火种铁链女
n13625704,一高中生直指央视为俄罗斯入侵乌克兰打掩护
n13624562,俄乌战争启示录（之三)：台湾从此将更安全
n13627859,网友乌衣又遭抓捕，徐州当局到底想干什么？
n13629223,理悟：说“当权”
n13629307,巫本添：为无辜的乌克兰人祈祷
n13630325,【网海拾贝】乌俄之战离中国很远，铁链女离中国人很近
n13633182,欧阳天剑：从香港最近“疫情爆发”说开去
n13636247,袁斌：邪党的锁链
n13636270,王毅标榜“你的身后是祖国” 被网友打脸
n13636363,【网海拾贝】俄乌战后中共将成世界民主公敌
n13637555,吐为快：踏莎行 · 无形的锁链
n13637601,关乐：母锁链分明在人鬼边际
n13638903,祝君安：这个世界不要俺了
n13639171,【网海拾贝】乌战改变世界战略格局
n13639019,清华教授：普京在事与愿违的意义上改变了世界
n13641238,【网海拾贝】中共打拐是假，打击正义人士是真
n13641647,让世界惊喜的华人中文美声与大赛
n13641615,传统武术何在？ 新武术以假乱真
n13643578,【网海拾贝】乌克兰用鲜血为台湾写下战争预案
n13643927,理悟：说“两会”提案
n13644124,【投书】给大纪元报和新唐人电视台的公开信
n13644191,“中国对外开放的大门不会关上”吗？
n13644228,觅真：请充当中共的帮凶、打手们引以为戒
n13644892,袁媛：我是这样看这场俄乌战的
n13647381,【网海拾贝】一位从美回国的网友如此吐槽
n13649744,社会学家：安全关切不能成为一国入侵他国的理由
n13649860,【网海拾贝】美中罗马会谈毫无结果不是好兆头？
n13649966,党媒报导美国民众“水深火热”惨遭翻车
n13652450,燕郊女孩：离家只有2公里，却像隔了一条银河
n13652629,【网海拾贝】2年多了，病毒又回去了
n13652799,历弘：沉默者亦是共犯
n13655760,【网海拾贝】俄乌战争，中共犯“颠覆性战略错误”
n13657746,防疫一刀切，令北京“双城记”现悲情一页
n13657799,【网海拾贝】中共从不缺席世界性邪恶行径
n13657995,川人：汉奸嘴脸，中共替俄国洗地原形毕露？
n13659123,东方不乐：铁链歌二首
n13659323,大陆作家：“疫情封控一刀切，于是我被……了”
n13659660,【网海拾贝】赵立坚“抖机灵”遭乌克兰副总理怒怼
n13660773,如初：羡慕与嫉恨，中共瞄向谁？
n13660898,清泉：泉州新冠再起，疫情源头竟是官员酒店
n13661829,余茂春：台湾应该吸取乌克兰的深刻教训
n13661999,网友改写名著名句，拿大陆疫情防控开涮
n13662063,【网海拾贝】中共抗疫：病毒都没有你们可怕
n13664450,清零式严控与“一刀切”下的燕郊
n13664594,【网海拾贝】不军援俄罗斯，中共的话能信？
n13666926,东方觉：荒唐国度荒唐事 雷人社会雷人语
n13667190,【网海拾贝】中国传染病专家质疑中共隔离政策
n13669436,东航空难事件董事长答记者问 网友不满
n13669511,南京双城族：“因为疫情我无家可归了！”
n13669564,【网海拾贝】中共又干预美国内政了
n13672217,两位上海市民感染新冠后的亲历记
n13672307,【网海拾贝】最后病毒未必防住，人民先崩溃了
n13674318,关于防疫，网友请中共回答5大类20个问题
n13674403,【网海拾贝】可怕的不是病毒，是一刀切的清零
n13675834,乾元：东航飞机失事一个可能原因的猜想
n13676034,【网海拾贝】东航失事飞机的黑匣子到底有没有找到？
n13676078,博主：每一次清零，都是人民慢慢流血的过程
n13677332,李明：史前大洪水与本次全球疫情
n13678056,直言：《贱党伪业》续
n13678215,丰县籍导演不惧风险再度为铁链女事件发声
n13678253,【网海拾贝】这是2022年的上海？
n13680287,网友：这就是之前被捧上天的精准防控的上海么？
n13680707,【网海拾贝】“中国会变成国际社会负责任的一员吗”？
n13683088,那些在“精准防控”下求助的上海普通人
n13683137,【网海拾贝】东航空难调查：中国民间提出三大疑问
n13685891,上海77岁患者因封控不当惨死，家属追问真相
n13685914,【网海拾贝】中共极端“清零”人民忍无可忍
n13686006,程晓农：俄国入侵乌克兰：民主化失败的现实教训
n13688555,颜纯钩：真相无价：正确的历史观是价值观的基础
n13688654,【网海拾贝】这就是上海！活了33年的上海！
n13688756,同根：正视疫苗的无效，回归昔日的忠告（下）
n13691971,唐付民：再次质疑疯狂的中共抗疫模式
n13692603,【网海拾贝】这样的上海百年不遇
n13694452,祝君安：浪淘沙·清零模式
n13694627,律师：上海单独隔离婴幼儿涉嫌滥用职权罪
n13694674,【网海拾贝】所谓“全国疫情数据”都是中共编造的
n13698883,我们从小到大学到的历史哪些是假的（17）
n13698988,【网海拾贝】“人们成了灾难性政治实验的一部分”
n13701561,网友调侃中共防疫政策，令人捧腹
n13701767,【网海拾贝】如能抗议何须抗疫，若不废言怎有肺炎
n13703131,理悟：命悬一线等什么
n13704442,【网海拾贝】你能想像得到这里是上海吗？
n13706184,谢燕益：受害人郭洪伟因公权渎职侵权致死
n13706497,一个上海市民的哭诉：“我的爸爸没了”
n13706555,【网海拾贝】一场针对十几亿人的服从性训练
n13706620,一个上海阳性市民72小时的荒谬人生
n13708141,真真：什么是“中国特色”
n13708201,【网海拾贝】所谓不惜一切代价，就是不惜让你成为代价
n13709048,李春草：醉花阴·政治正确
n13709700,太魔幻，上海小伙饿疯了，竟主动要吃“牢饭”
n13709731,【网海拾贝】可怕的不是病毒，而是说封就封
n13710606,【网海拾贝】你们造了如此大的谣，为何没人担责？
n13710629,上海网友：“刚刚，我妈电话我求救”
n13711504,上海东方卫视防疫晚会被网友骂停
n13711529,媒体人：疫情下的上海，根本不是新闻里看到的那样
n13711555,【网海拾贝】未来十年的灰暗底色已经一览无余
n13712343,【网海拾贝】中国防疫，只有胜利没有结束
n13712354,上海市民：我受不了了人很难受，就看着我死吗？
n13712470,竞选者：什么是国家统一市场？
n13712475,美国是全球最大人权赤字国？央视被网民骂翻
n13712971,袁斌：他们没有死于新冠，却因新冠而死
n13712983,【网海拾贝】这次上海封城，最值得国人思考是什么？
n13713500,理悟：十悔逢红朝
n13713502,东方霞：观大陆疫情治理有感
n13713507,金浴凤：哀清零
n13713568,观雨堂主：结束吧！“我爱你，中国”
n13713613,一个普通上海高中生的自白和发问
n13713632,【网海拾贝】全世界在解封，中国却越来越像露天监狱
n13713654,跳楼的小提琴家妻子质问：求医无门，为何？
n13714370,上海志愿者：这一次次的折腾究竟是什么道理？
n13714379,【网海拾贝】上海的国际形象已经分崩离析
n13713292,静雅：疫情再袭中国时 如何才能守住平安？
n13715143,侯镇安：香港政府滥用国安法余波未了
n13715170,恐怖，94岁转阴的上海老太太也要被拉去方舱
n13715212,【网海拾贝】孙春兰在上海视察搞屋顶摆拍，穿帮了
n13716295,【网海拾贝】病毒没清零，最基本的人权却被清零了
n13716670,上海财大院长直指当前防疫存在十大问题
n13716683,吐为快：卜算子·什么是赵国的政治
n13716733,东方觉：荒唐国度荒唐事 雷人社会雷人语
n13717705,知名律师批中共首席专家吴尊友为清零辩护
n13717722,【网海拾贝】改革开放的橱窗如今成了暴政的橱窗
n13717729,上海死者家属控诉：每个流程里的人都是杀人犯
n13718144,石采东：忆4.25 和平上访
n13719486,【网海拾贝】中共疾控中心主任为何见了记者抱头鼠窜？
n13719506,李承鹏：上海是预示未来一百年的大河
n13719984,乔哲：续写《人民警察的伟光正》
n13720011,被骗进方舱的上海老弱病残者
n13720029,上海封控区推出“硬隔离”，网民讥讽，律师指违法
n13719513,华尔街白领：我如何从拥共到退党并修炼法轮功
n13720045,【网海拾贝】中共利用疫情把中国彻底变成了警察国家
n13721662,袁斌：这个春天的上海，有多少血和泪
n13721688,【网海拾贝】中国独步全球的“社会面清零”在演哪出
n13717794,林一山：《时代革命》——香港最美丽的时光
n13722349,康有然：从乌俄战争谈中共的“血洗台湾，统一中国”
n13722388,强制市民交钥匙锁宅门  河北迁安防疫无法无天
n13722393,南岛：爸爸死前问了妈妈三遍──“120什么时候到？”
n13722405,【网海拾贝】上海官方的新冠死亡人数可靠吗？
n13723298,蔡桂华：人类需要清零中共
n13723827,【网海拾贝】三千多条评论，为何一条都不敢亮出来？
n13724933,郑纯清：“疫”出即“封”是为挡真相
n13725367,关于上海防疫，一个中国人想问的四个问题
n13725520,“太荒唐了，这个是二十一世纪的上海啊”
n13726083,大陆作家：信任崩解，是上海疫情最大的后遗症
n13726099,【网海拾贝】长沙房屋倒塌跟建筑质量无关，你信吗？
n13726950,南岛：这是人间地狱
n13726952,【网海拾贝】中共跟外界完全是两套系统，没有共通处
n13728623,南岛：代价
n13728664,【网海拾贝】现在有三个迥然不同的上海
n13729451,祝君安：浣溪沙‧境外势力
n13730549,【网海拾贝】70000家外企正重估在上海的明天
n13731186,黄之鸣：上海疫情自述
n13731189,安德森：饥饿塔
n13731029,上海法学教授：“一人阳性、全楼转运” 违法
n13731924,【网海拾贝】千金万金比不得安睡一晚
n13735319,网友讥讽中共封杀谭德塞讲话是“笑料”
n13735342,南岛：魔都流浪记
n13733918,林清泉：在逃出魔掌的日子里
n13735354,【网海拾贝】上海不再是文化高地，而是政治据点
n13737647,“这是我们最后一代” 网民：何等绝望，何等悲壮！
n13737687,【网海拾贝】国人最怕的不是病毒，而是随时被洪水打翻
n13737993,藏头诗：文革短镜头（十五首）
n13738644,词二首：文革五十六周年祭—红卫兵的悲哀
n13737703,面对入户消杀，一位上海老漫画家的难过和悲凉
n13739491,【网海拾贝】中共的制度劣势：集中力量办坏事和蠢事
n13739580,网友：为什么讨厌共产党？
n13739600,李文亮微博下，网民怒斥中共国是“黑白颠倒的社会”
n13741070,一七令▪封城清零大上海（三首）
n13741069,界立建：政治迫害可耻 立即释放所有良心犯
n13740366,为何美媒误称南加教会枪击案是大陆人攻击台湾人？
n13742554,【网海拾贝】受上海封城拖累，长三角财政收入暴跌
n13743436,祝君安：青玉案·红线问
n13743981,为什么上海赚黑心钱的乱象这么多？
n13744441,李斐：香港仔
n13744880,南岛：“这个世界真的是回不去了”
n13744901,市民：要不是在上海，我都信了上海解封了
n13745707,企业负责人：一刀切下，上海微小企业有多难？
n13746123,新唐人华人美声声乐大赛 填补音乐界空白
n13743806,筑梦华裔青年Jane Jin 谈广告创意之用
n13746172,吐为快：红朝说不
n13746605,【网海拾贝】上海封城是一部世界滑稽戏
n13746694,市民：疫情防控好，北京真的做到了？
n13747327,网民：又要封城又要稳经济，弄着玩呢？
n13747347,【网海拾贝】“世界人民都知道”病根，就是没人敢说
n13749170,网民斥常态化核酸检测自费：吃相越来越难看了
n13749184,【网海拾贝】大批军人撤离上海，显出大白的原形
n13749222,三个故事，说尽上海癌症患者封城下的无助
n13750135,吴绍平律师：抗疫，抗议
n13750161,王丹：纪念“六四”三十三周年的公开信
n13750791,【网海拾贝】经济被清零掏空后，中国人只会喝西北风了
n13750818,网民：以前的上海再也回不来了
n13751218,吐为快：端午祭六四（外一首）
n13751264,六四周年 媒体人：烛光不会灭 历史不会忘
n13750442,接海外退党义工电话 欲报警的他退出中共
n13752221,接种疫苗后确诊1型糖尿病，600多家长求救
n13752233,【网海拾贝】2022年度最大黑色幽默和魔幻现实
n13753047,东方慧：于无声处听惊雷——“这是我们最后一代”
n13753220,长风：锤镰伤天论
n13753239,吕千荣：点燃蜡烛，今夜我为天使们守灵
n13753255,李仪莲：真相电话传福音 有缘人不负苦劝终三退
n13753318,林泉：六四屠城三十三周年祭
n13753395,【网海拾贝】六四天安门有没有死人？在场学生说肯定有
n13753666,诸葛高参：中国梦不是超越美国
n13754786,【网海拾贝】六四事件，对百姓开枪的士兵一个也没死
n13754862,三张照片，见证上海封城的反人性
n13754895,网友怼王毅：中美关系的“恶化”究竟是谁造成的？
n13756358,何良懋：中共战机骚扰加澳 走向军国主义化
n13756396,【网海拾贝】中共离崩溃还有多久？
n13756423,呼吁国际社会关注唐吉田律师被非法长时间维稳羁押事件
n13756509,韩笑：“共产党太腐败了” 上海退伍老兵声言退党
n13757082,祝君安：天仙子·最后审判日益近
n13757085,全美学自联2022年自由精神奖给齐志勇先生的颁奖词
n13756603,警察将兼任学校副校长，网友：“全面进入警察社会”
n13757535,【网海拾贝】我们赶上了一个见证奇迹的时代
n13758168,“流浪”的罹难知青纪念碑 逃港幸存者忆当年
n13759194,张肯之：浅谈八九六四与李佳琦事件
n13759258,【网海拾贝】谁是唐山打人案惯犯累犯背后的保护伞？
n13760791,【网海拾贝】中共是最大黑社会
n13761611,张菁：一日两起残害女性案 官媒一放一收为哪般？
n13762217,【网海拾贝】小流氓横行，是因为大流氓当道
n13763337,【网海拾贝】台湾是世界不可分割的一部分
n13764890,网友九问唐山：请公布四个被打女孩现状
n13765085,【网海拾贝】政治局会议，18名委员竟有7人缺席
n13766570,一个作家在上海封城中的思考
n13766606,【网海拾贝】这不是一个红码，这是一座监狱
n13766621,丹东封控近两月 当地人：太惨了，纯粹人祸
n13767479,【网海拾贝】八旬妇生日吃不上面 “中国奇迹”令人震惊
n13768183,金浴凤：有一种红色之症叫党瘟
n13769122,【网海拾贝】如今谁上谁下都救不了中共
n13770623,理悟：这是幸福满满的共产社会吗
n13770632,老许：东方网力退市迷雾
n13770596,【网海拾贝】盛世的奴才减薪，奴隶减寿！
n13772003,袁斌：丹东九旬老人为何在社区门口上吊自杀
n13772006,【网海拾贝】习近平到港，红旗倒挂，全港空巷
n13772512,中共代表敦促美国重视解决贫困问题，网友笑翻
n13773031,【网海拾贝】香港，说什么浴火重生
n13773846,王语馨：“我就是为您好” 慈悲善行感化男士退队  
n13774711,【网海拾贝】习近平成密接，中南海要不要封锁？
n13774755,说什么“社会调剂”，明摆着就是变相拐卖人口
n13776238,北京变相强制接种新冠疫苗，网络炸锅
n13776256,【网海拾贝】中国人口14亿？实际可能只有10亿
n13777599,【网海拾贝】二十大后，将迎来“常态化清零时代”？
n13778215,沈旭晖：悼念香港人的国际关系启蒙老师、《追龙》预言家倪匡
n13778229,东方乐：七月的思考：共产主义玩啥哪？
n13778120,浩然：一位瑞典政治家对中共的剖析
n13779005,【网海拾贝】你今天的泪水，都是你曾经的鼓掌换来的
n13779021,袁斌：有感于肖建华与王丹的命运异同
n13779052,上千疫苗受害孩子父母致信胡锡进：你在吃人血馒头
n13779750,韩笑：唐山女士深感中共太腐败 退团以示远离邪恶
n13779765,赵航：中国人启示录
n13779814,广宇：疫情时代世界工业国贸易逆差之迷思
n13780551,胡蓝：就安倍前首相遇刺的辩论
n13780659,【网海拾贝】中共治下滔天罪恶总归杳无声息？
n13781090,何良懋：“伪民族主义”是“人渣主义”
n13782053,【网海拾贝】我们是生活在地狱吗？
n13782127,唐付民：安倍遇刺为何搅动中国民众的纷乱情怀？
n13782737,【网海拾贝】“记变天帐”，是震慑中共恶人的好办法
n13783297,唐山事件，比打人更可怕的是真相至今不明！
n13783340,【网海拾贝】后安倍的台海：中共更危重，台湾更安全
n13783352,广宇：中国高考制度的弊端
n13783559,东方不乐：唐山事件诗二首
n13783576,祝君安：青玉案·赵国吟
n13783482,李明：全球疫情真相 ── 防控无效
n13784361,【网海拾贝】央视跟人民日报打擂台？
n13785150,【网海拾贝】只要核酸检测存在暴利，人为疫情就会轮番上演
n13785419,反迫害23周年 法轮功学员给警察的一封信
n13785973,北京变相禁止酒店办婚宴 网民：“防疫防魔怔了”
n13785978,【网海拾贝】这党怎么能不把人民吃干榨尽呢？！
n13786910,何良懋：钳制舆论的政权 离灭亡已不远
n13787659,李春草：党的字典里没有“羞耻”二字
n13788390,国产疫苗受害者：我的女儿就是打疫苗打死的
n13788445,【网海拾贝】一位台商的觉醒
n13789120,【网海拾贝】会不会到某一天，连呼吸也要批准？
n13789582,李承鹏：理想爆雷时 请记住湖边一件美好的事
n13789824,大陆男喜岁月静好 义工：炎黄子孙就应该三退
n13790641,【网海拾贝】从中共法西斯手中保卫生活
n13790750,官方吹嘘中国安全感升至98.62%，评论区翻车
n13791473,河南维权储户：“我对这个国家的信念整个崩塌了”
n13792098,【网海拾贝】中国经济的庞氏骗局破灭了
n13792165,纽约国会议员候选人熊焱写给拜登总统和佩洛西议长的信
n13792592,刘宽：听真言扫除脑中残霾 大陆男率全家“三退”
n13792599,云鹤天：藏头诗—解析中共的华丽辞藻（八首）
n13792608,当局为何拒绝公开3-17岁接种新冠疫苗批件？
n13792611,觅真：别错过立功赎罪悔过自新的机会
n13792623,【网海拾贝】习近平对美发难被怀疑国内出了问题
n13793104,唐付民：一个中国，只应建筑在否定“共产专制”之下！
n13793078,疫情防控要算“政治帐”？网友：“就是要面子”
n13793455,资深媒体人石山：万水千山走遍 回首香港是吾乡
n13793811,宇清：从百岁老人心酸退队说起
n13793871,【网海拾贝】胡锡进是暴恐分子
n13794584,【网海拾贝】佩洛茜访台，让习近平陷入两难
n13795333,【网海拾贝】治不了美国，中共拿台湾出气
n13796240,【网海拾贝】习近平拿着刀将自己逼到了死角
n13796291,燕云：天赐口舌，毋得妄阻
n13796295,新州：二十三年反迫害 铸就救世真英雄
n13796318,大数据说话，疫苗有效率严重造假！（一）
n13796640,对全域人员强制赋码管理，民权县里无民权可言
n13796911,【网海拾贝】中共想怎么改底线就怎么改底线
n13797139,大数据说话，疫苗有效率严重造假！（二）
n13797313,网民嘲讽中共制裁佩洛西：“不让去河南银行取钱吗？”
n13797328,莲园：藏首诗：退党大潮
n13797364,郑纯清：贺三退四亿
n13797331,凌悟：灭共赋 ——祝贺三退人数突破四个亿
n13798031,【网海拾贝】中共导弹射台机密全泄，立即停止军演，为何？
n13798069,唐付民：“民族主权”不应该成为“民主主权”的恶魔！
n13798299,许那：当恐怖侵入日常生活 讲真相要付多大代价
n13798448,郑法途：四亿囚徒庆新生
n13798649,大陆经济学家：中共为何不愿结束“过度防疫”？
n13798677,王清鹏：移民的你，真的自由了吗？
n13798660,【网海拾贝】以为要封台湾岛，结果封的是海南岛
n13799372,【网海拾贝】大国崛起后的盛世孤儿
n13800211,【网海拾贝】全世界都在看中共的笑话
n13800880,山月：贺四亿同胞三退
n13800984,“本来想深度游海南，现在是深度游海南核酸亭”
n13801761,【网海拾贝】所谓亡党亡国不过是中共的瞎忽悠
n13801792,【网海拾贝】通向未来的航班可能没有我们的座位
n13802166,公开退出中共的醒觉者——高智晟
n13802171,致一位向死而行的勇士——高智晟
n13802193,唐付民：佩洛西访台“升级了台海局势” 是人类文明进步的必然结果
n13802275,李明：中共防疫的骗局
n13802191,高智晟律师——真正的爱国者与男子汉大丈夫
n13802738,大数据说话，疫苗有效率严重造假！（三）
n13802875,【网海拾贝】中华民国存在一天，中共政权就是非法的！
n13803539,【网海拾贝】在一个号称盛世的时代
n13804404,李春草：一个中国与两个中共
n13804410,青萍之末：中共国不是中国
n13804451,广宇：论统一
n13804505,【网海拾贝】若西方与中国全面脱钩，中国将成最大输家
n13805059,【网海拾贝】央视台标居然是日本人设计的，辱华了
n13804796,王清鹏：共产党下台，你做好准备了吗？（二）
n13805469,许那：我看见了未来——于宙祭日有感
n13805756,程绍蟾：中元节被抢记
n13805792,郑纯清：“小康”跟“紧日子”的“政治帐”
n13805813,【网海拾贝】上海财政赤字，是明确的经济崩溃信号！
n13806519,云松：哀长江
n13806544,【网海拾贝】中共现在处于“自我毁灭状态”
n13807006,吐为快：危邦赋
n13807284,陆客：由中共的重大发现想到的
n13807536,【网海拾贝】肖建华们都会死在监狱里吗？
n13808233,党史专家司马璐破碎的“延安梦”（5）：“为党工作却不被信任”
n13808238,【网海拾贝】北戴河会议后的中共政局——假和谐与半稳定
n13808946,【网海拾贝】中国搭上了仇恨号失速列车
n13808828,金浴凤：朋友，你是炎黄子孙吗？
n13809680,强制赋橙码做核酸 重庆当局被斥“为所欲为”
n13809733,【网海拾贝】摆在中国人面前的只有两条路
n13810534,大数据说话，疫苗有效率严重造假！（四）
n13810621,周恩来的狡诈和无情
n13810635,【网海拾贝】2022年中国魔幻时刻
n13811366,没能熬过酷热，许多老人死在了这个夏天
n13811414,火山：老舍投湖到现代知识分子落跑
n13811406,【网海拾贝】“天塌下来也要核酸”
n13812072,祝君安：中共魔教加速解体吧
n13812062,【网海拾贝】中国百姓也成了活摘人体器官的刀下鬼
n13812840,乾元：贾浅浅给中国当代诗坛敲响了丧钟
n13812985,【网海拾贝】有多少人没有熬过这个夏天？
n13813604,【网海拾贝】美军刚刚又踩了大红线，中共为什么还不开战？
n13814374,【网海拾贝】18年，4亿人“三退”数字真实不虚
n13814705,大数据说话，疫苗有效率严重造假！（五）
n13815063,郭蒂娅：听见人民的呼声
n13815193,【网海拾贝】这七大谜底，将在中共二十大上揭开
n13816016,成都网友“吹哨”被拘 网民：“一个字不对就算谣言”
n13816020,大数据说话，疫苗有效率严重造假！（六）
n13816463,【网海拾贝】中国经济成长已趋近零
n13816650,谢田：劫富济贫为偏颇 劫贫济富近作恶
n13816657,伍新：神枪单闹建国门
n13816672,理悟：高智晟，黑夜里的一盏明灯
n13817147,长风拂泪：开学季，告别英“雄”——写在禁书之后
n13817209,汪志远：四亿人三退真实不虚
n13817153,觅真：恶报加身是在兑现天理和警示世人
n13817602,【网海拾贝】文革也没有这样过，这是人间地狱！
n13817607,清荷：中共这个大流氓
n13818308,成都，全城静默成了全城“罚站”
n13818367,【网海拾贝】封城没完没了，中国人快活不起了
n13818741,王茂俊：香港8.31太子站三周年随感
n13819089,成都一母亲哭诉因疫情管控丧子：我儿子是牺牲者
n13819193,英国法轮功学员中秋感恩：无限敬仰李洪志大师
n13819829,颜纯钩：从龙应台著作被禁到香港去殖民化还有多远？
n13819903,孔诰烽：伟大领袖淹溺在“形势大好”谎言中  世界劝阻无效唯有脱钩
n13819975,袁斌：关于香港的“司马璐之问”
n13819989,【网海拾贝】“每个星期给你们3元，能放过我们吗？”
n13820813,【网海拾贝】党媒称中共满意度超90%，为何关闭评论区？
n13820824,大数据说话，疫苗有效率严重造假！（七）
n13821415,英国法轮功学员耄耋之年得法 无病一身轻
n13822187,【网海拾贝】你永远也不知道，下一个是谁，下一个城市在哪里
n13822441,雨莲：投出负责的一票——亲历瑞典大选
n13822781,“伊犁封城40天了，没人管我们老百姓的死活”
n13823029,韩笑：退党洪流滚滚向前 大陆男声言不再与邪恶为伍  
n13823090,【网海拾贝】1000天前和1000天后与100天前和100天后
n13823760,云松：清平乐 红朝防疫
n13823779,关乐：红宫宴
n13823959,中共罪行录之九十一：“反文革第一人”
n13823963,【网海拾贝】19大修改过党章  二十大为何还要修改？
n13824839,李明：中共政权还能存在多久？
n13824869,疫情防控算总账，不妨听听李文亮微博下的吐槽
n13824891,【网海拾贝】在党国逻辑下，我们的悲伤无处安放
n13825178,华颇：习近平为何此时出访中亚
n13825352,铃兰：嫦娥也得做核酸？
n13825516,朱莉娅：福分送到心坎 慈悲善念感化大陆男士退团
n13825977,谭德塞称结束疫情胜利在望 网友嘲讽中共
n13826354,【网海拾贝】疫情让中共把对人民的监控推向极致
n13826374,韩笑：大陆女士抛弃对中共幻想 退队远离邪恶（上）
